halfAngle,speed,target
26.0,620.0,1
30.0,500.0,0
20.0,570.0,1
23.0,625.0,0
20.0,290.0,0
21.0,350.0,0
48.0,750.0,0
48.0,760.0,0
60.0,1800.0,2
40.0,550.0,1
35.0,686.0,0
20.0,300.0,0
38.0,750.0,0
40.0,950.0,2
30.0,620.0,0
40.0,1091.0,1
30.0,780.0,0
28.0,1200.0,0
50.0,400.0,0
45.0,850.0,1
35.0,410.0,1
30.0,650.0,0
25.0,460.0,0
30.0,360.0,1
32.0,515.0,0
35.0,350.0,1
28.0,310.0,0
30.0,340.0,0
27.0,400.0,0
43.0,500.0,2
30.0,430.0,0
30.0,260.0,0
20.0,600.0,0
25.0,877.0,0
28.0,330.0,0
28.0,576.0,0
30.0,740.0,0
37.0,630.0,0
28.0,350.0,0
38.0,750.0,1
21.0,400.0,0
15.0,480.0,0
32.0,305.0,1
28.0,500.0,0
35.0,300.0,0
20.0,350.0,0
25.0,330.0,0
35.0,650.0,1
42.0,680.0,1
39.0,650.0,1
39.0,350.0,0
35.0,564.0,1
25.0,510.0,0
27.0,380.0,1
35.0,920.0,1
30.0,560.0,0
22.0,900.0,1
30.0,580.0,0
30.0,400.0,1
40.0,540.0,0
25.0,400.0,0
35.0,710.0,2
45.0,1980.0,3
38.0,840.0,1
35.0,550.0,1
31.0,700.0,0
38.0,360.0,0
37.0,690.0,1
30.0,900.0,1
70.0,1000.0,5
38.0,1005.0,1
20.0,990.0,0
30.0,500.0,0
66.0,1320.0,2
26.0,730.0,0
22.0,950.0,1
38.0,550.0,1
39.0,990.0,0
33.0,580.0,0
20.0,450.0,0
35.0,550.0,1
45.0,300.0,0
30.0,1355.0,0
25.0,455.0,0
20.0,950.0,0
30.0,640.0,0
23.0,270.0,1
32.0,580.0,1
31.0,620.0,1
69.0,850.0,0
58.0,1300.0,1
33.0,350.0,0
25.0,760.0,1
20.0,611.0,0
45.0,610.0,1
38.0,850.0,1
40.0,915.0,1
30.0,950.0,1
40.0,1050.0,3
60.0,2500.0,1
50.0,760.0,0
35.0,750.0,0
46.0,1400.0,1
60.0,1500.0,1
40.0,320.0,0
43.0,830.0,0
43.0,830.0,2
24.0,583.0,0
30.0,560.0,1
40.0,1000.0,0
35.0,350.0,0
30.0,330.0,0
25.0,490.0,0
33.0,850.0,0
24.0,838.0,0
26.0,608.0,0
28.0,640.0,0
32.0,320.0,0
43.0,660.0,0
39.0,616.0,0
34.0,440.0,0
35.0,900.0,1
44.0,1320.0,1
60.0,1950.0,4
32.0,430.0,0
20.0,850.0,0
20.0,1175.0,3
40.0,600.0,0
35.0,410.0,0
18.0,300.0,0
30.0,800.0,0
30.0,992.0,0
25.0,595.0,1
40.0,1000.0,0
15.0,260.0,0
25.0,390.0,0
30.0,360.0,0
40.0,606.0,1
25.0,300.0,1
25.0,670.0,2
30.0,650.0,2
45.0,632.0,0
23.0,621.0,0
33.0,750.0,0
40.0,1040.0,1
30.0,420.0,0
29.0,603.0,0
42.0,899.0,0
26.0,713.0,0
45.0,680.0,1
46.0,600.0,1
24.0,520.0,0
25.0,630.0,0
40.0,355.0,0
56.0,720.0,1
30.0,640.0,0
30.0,620.0,1
32.0,458.0,0
60.0,1500.0,2
70.0,1000.0,2
70.0,1150.0,1
24.0,637.0,0
20.0,634.0,1
50.0,1507.0,1
35.0,700.0,1
20.0,500.0,0
30.0,681.0,0
30.0,400.0,1
34.0,540.0,0
40.0,650.0,1
45.0,1500.0,1
23.0,330.0,0
25.0,335.0,0
28.0,500.0,1
50.0,1370.0,3
23.0,350.0,0
30.0,450.0,0
36.0,330.0,0
33.0,509.0,0
34.0,460.0,1
54.0,700.0,1
30.0,650.0,0
20.0,544.0,0
20.0,543.0,0
25.0,537.0,1
33.0,380.0,0
36.0,340.0,0
30.0,374.0,0
29.0,276.0,0
25.0,294.0,0
46.0,590.0,1
55.0,990.0,2
25.0,380.0,1
37.0,470.0,1
25.0,730.0,1
30.0,320.0,0
45.0,350.0,0
20.0,500.0,0
37.0,400.0,0
65.0,1100.0,3
60.0,560.0,0
30.0,330.0,0
26.0,680.0,0
35.0,560.0,0
38.0,1150.0,1
20.0,299.0,0
35.0,550.0,1
30.0,800.0,0
70.0,695.0,1
60.0,888.0,0
30.0,675.0,0
30.0,344.0,0
42.0,766.0,1
24.0,444.0,0
27.0,379.0,0
30.0,269.0,0
25.0,385.0,0
49.0,773.0,1
20.0,465.0,0
35.0,674.0,0
52.0,430.0,0
26.0,730.0,0
22.0,136.0,0
34.0,778.0,1
39.0,718.0,1
18.0,330.0,0
72.0,930.0,4
30.0,550.0,0
35.0,454.0,1
40.0,560.0,0
40.0,250.0,0
30.0,525.0,0
25.0,350.0,0
37.0,500.0,0
40.0,512.0,1
30.0,622.0,1
20.0,470.0,0
25.0,270.0,0
46.0,520.0,0
44.0,669.0,0
39.0,607.0,0
44.0,724.0,0
17.0,396.0,0
26.0,419.0,0
27.0,292.0,0
26.0,808.0,0
32.0,436.0,0
35.0,500.0,0
25.0,445.0,0
20.0,468.0,0
30.0,360.0,0
25.0,817.0,1
36.0,407.0,0
32.0,554.0,0
25.0,374.0,1
33.0,521.0,0
40.0,1157.0,0
28.0,800.0,0
30.0,1300.0,0
30.0,330.0,0
20.0,572.0,1
20.0,275.0,0
40.0,520.0,0
25.0,600.0,0
30.0,500.0,0
30.0,480.0,0
35.0,650.0,1
36.0,770.0,0
30.0,721.0,1
25.0,778.0,0
20.0,353.0,0
30.0,400.0,2
33.0,450.0,0
25.0,432.0,0
45.0,820.0,1
51.0,683.0,2
50.0,1152.0,2
34.0,318.0,0
43.0,320.0,0
56.0,957.0,0
35.0,949.0,0
44.0,463.0,1
36.0,554.0,1
15.0,315.0,0
45.0,710.0,1
20.0,255.0,0
20.0,290.0,0
18.0,412.0,0
47.0,990.0,1
30.0,520.0,1
27.0,372.0,0
69.0,1020.0,0
25.0,450.0,0
28.0,438.0,1
29.0,694.0,1
62.0,2211.0,6
28.0,433.0,0
30.0,1082.0,0
40.0,522.0,0
30.0,572.0,0
40.0,400.0,1
55.0,2200.0,3
34.0,390.0,0
25.0,580.0,1
30.0,780.0,0
30.0,247.0,0
30.0,546.0,0
36.0,301.0,1
18.0,238.0,0
40.0,588.0,1
35.0,350.0,0
46.0,520.0,0
41.0,550.0,0
55.0,815.0,1
48.0,350.0,0
15.0,350.0,0
22.0,600.0,0
33.0,600.0,0
41.0,558.0,1
40.0,268.0,0
69.0,690.0,0
60.0,700.0,1
67.0,508.0,0
60.0,1540.0,2
23.0,469.0,0
51.0,1363.0,2
35.0,605.0,1
20.0,545.0,0
50.0,2200.0,5
65.0,1800.0,4
30.0,300.0,0
32.0,395.0,0
15.0,300.0,0
60.0,1125.0,1
28.0,590.0,0
26.0,560.0,0
22.0,630.0,0
55.0,1400.0,2
40.0,640.0,0
60.0,2250.0,3
30.0,500.0,0
27.0,570.0,0
20.0,300.0,0
28.0,500.0,0
28.0,730.0,0
28.0,648.0,0
27.0,926.0,0
60.0,1450.0,2
60.0,1550.0,1
23.0,650.0,0
60.0,1600.0,2
30.0,560.0,1
20.0,750.0,0
40.0,696.0,0
33.0,455.0,0
50.0,1450.0,3
26.0,750.0,0
16.0,620.0,0
32.0,1035.0,0
28.0,400.0,0
37.0,708.0,1
43.0,485.0,0
18.0,333.0,0
29.0,322.0,0
36.0,608.0,0
36.0,686.0,0
30.0,733.0,0
25.0,680.0,0
43.0,907.0,0
45.0,760.0,1
48.0,982.0,0
26.0,638.0,0
20.0,700.0,0
33.0,470.0,1
35.0,1000.0,1
30.0,320.0,0
15.0,430.0,0
55.0,1250.0,0
20.0,580.0,0
22.0,510.0,0
22.0,385.0,0
24.0,580.0,0
27.0,700.0,0
18.0,460.0,0
22.0,890.0,0
30.0,500.0,0
20.0,360.0,0
20.0,450.0,0
25.0,650.0,1
32.0,535.0,0
18.0,400.0,0
17.0,441.0,0
38.0,600.0,0
39.0,646.0,0
23.0,590.0,0
30.0,500.0,0
31.0,500.0,0
25.0,700.0,0
33.0,600.0,0
25.0,300.0,0
23.0,475.0,0
16.0,610.0,0
33.0,550.0,0
40.0,960.0,0
35.0,385.0,0
35.0,650.0,0
35.0,650.0,0
30.0,300.0,0
35.0,600.0,0
55.0,700.0,1
58.0,738.0,0
37.0,622.0,0
31.0,439.0,0
14.0,831.0,0
45.0,1040.0,1
19.0,550.0,1
16.0,520.0,0
31.0,500.0,0
29.0,483.0,0
28.0,480.0,0
25.0,511.0,0
24.0,410.0,0
45.0,1500.0,2
22.0,700.0,0
40.0,762.0,0
30.0,587.0,0
35.0,300.0,0
35.0,412.0,0
26.0,620.0,0
25.0,318.0,0
45.0,774.0,0
18.0,580.0,0
23.0,177.0,0
30.0,430.0,0
70.0,1100.0,3
38.0,960.0,0
25.0,645.0,0
20.0,340.0,0
25.0,495.0,0
35.0,450.0,0
30.0,530.0,0
30.0,730.0,0
25.0,766.0,0
40.0,1044.0,0
29.0,486.0,0
11.0,703.0,0
41.0,604.0,1
50.0,1364.0,2
40.0,735.0,0
15.0,530.0,0
20.0,576.0,0
40.0,400.0,1
34.0,450.0,0
23.0,750.0,0
62.0,588.0,1
38.0,427.0,0
65.0,410.0,0
11.0,600.0,0
27.0,300.0,0
25.0,670.0,0
12.0,800.0,0
55.0,380.0,0
17.0,450.0,0
16.0,552.0,0
32.0,485.0,0
62.0,876.0,0
20.0,798.0,0
35.0,483.0,0
31.0,674.0,0
22.0,476.0,0
23.0,1344.0,0
24.0,820.0,0
35.0,1100.0,0
21.0,460.0,1
29.0,715.0,0
28.0,550.0,0
19.0,520.0,0
27.0,605.0,0
27.0,400.0,0
23.0,441.0,0
15.0,316.0,0
31.0,535.0,1
30.0,435.0,0
22.0,640.0,1
28.0,1000.0,0
30.0,352.0,0
40.0,1200.0,0
20.0,850.0,0
40.0,700.0,0
30.0,1000.0,1
25.0,685.0,0
40.0,595.0,0
45.0,610.0,0
20.0,540.0,0
45.0,440.0,1
70.0,1400.0,5
45.0,1100.0,1
40.0,1035.0,0
50.0,1200.0,1
80.0,3435.0,3
32.0,323.0,0
49.0,423.0,0
60.0,802.0,0
22.0,380.0,0
50.0,750.0,0
39.0,540.0,0
39.0,800.0,0
45.0,745.0,1
20.0,445.0,0
22.0,430.0,0
16.0,230.0,0
19.0,580.0,1
36.0,700.0,1
25.0,550.0,0
30.0,500.0,0
25.0,400.0,0
25.0,500.0,0
35.0,751.0,0
30.0,350.0,0
30.0,544.0,0
25.0,600.0,0
20.0,230.0,0
25.0,960.0,0
20.0,350.0,0
15.0,1100.0,0
27.0,511.0,0
38.0,520.0,0
38.0,950.0,0
27.0,435.0,0
75.0,1498.0,4
30.0,730.0,0
25.0,350.0,0
30.0,315.0,0
62.0,840.0,1
26.0,415.0,0
28.0,560.0,0
28.0,456.0,0
24.0,312.0,0
25.0,337.0,0
44.0,480.0,0
54.0,343.0,0
17.0,1000.0,1
38.0,500.0,1
37.0,523.0,0
56.0,2319.0,3
28.0,1040.0,0
37.0,790.0,0
25.0,982.0,0
58.0,1056.0,0
64.0,1592.0,2
85.0,1160.0,4
26.0,950.0,0
28.0,484.0,0
28.0,275.0,0
30.0,390.0,0
47.0,650.0,1
26.0,430.0,0
76.0,677.0,0
35.0,850.0,0
30.0,516.0,0
25.0,630.0,0
25.0,480.0,0
29.0,255.0,0
35.0,504.0,0
35.0,500.0,0
29.0,700.0,0
38.0,436.0,0
25.0,380.0,1
48.0,700.0,1
22.0,377.0,1
36.0,420.0,1
45.0,496.0,0
16.0,310.0,0
40.0,580.0,0
30.0,317.0,0
35.0,430.0,0
35.0,500.0,0
30.0,366.0,1
55.0,680.0,0
70.0,1285.0,1
27.0,530.0,1
27.0,752.0,1
23.0,617.0,0
27.0,570.0,1
20.0,900.0,0
32.0,400.0,0
31.0,650.0,0
25.0,556.0,0
25.0,834.0,0
28.0,276.0,0
38.0,642.0,0
39.0,392.0,0
47.0,643.0,0
52.0,707.0,0
35.0,496.0,0
30.0,725.0,3
26.0,730.0,0
30.0,351.0,0
45.0,850.0,0
20.0,530.0,0
35.0,500.0,0
30.0,440.0,0
45.0,342.0,0
42.0,610.0,1
50.0,975.0,0
30.0,272.0,0
56.0,760.0,0
23.0,470.0,0
31.0,820.0,0
25.0,315.0,0
35.0,507.0,0
20.0,336.0,0
30.0,470.0,0
27.0,659.0,0
55.0,734.0,0
35.0,450.0,0
45.0,900.0,0
39.0,558.0,0
30.0,700.0,0
64.0,550.0,1
17.0,575.0,0
23.0,400.0,0
12.0,410.0,0
27.0,418.0,0
20.0,440.0,0
25.0,360.0,0
32.0,375.0,0
40.0,520.0,1
39.0,359.0,0
32.0,244.0,0
30.0,685.0,0
22.0,325.0,0
31.0,447.0,1
30.0,450.0,0
72.0,723.0,0
31.0,530.0,0
40.0,550.0,0
35.0,510.0,0
45.0,600.0,0
27.0,350.0,0
25.0,355.0,0
25.0,925.0,0
32.0,576.0,0
24.0,625.0,0
35.0,320.0,0
18.0,740.0,0
38.0,1226.0,0
50.0,582.0,0
26.0,436.0,0
32.0,825.0,0
30.0,1100.0,0
35.0,500.0,0
17.0,822.0,0
31.0,797.0,0
38.0,550.0,0
30.0,565.0,0
45.0,525.0,0
25.0,810.0,0
42.0,450.0,0
36.0,430.0,0
45.0,730.0,0
75.0,900.0,1
28.0,450.0,0
40.0,621.0,0
25.0,357.0,0
70.0,1900.0,3
30.0,691.0,0
35.0,450.0,0
49.0,660.0,0
55.0,680.0,0
66.0,1485.0,3
32.0,873.0,0
35.0,520.0,0
25.0,450.0,0
22.0,540.0,0
28.0,633.0,0
28.0,1200.0,0
55.0,520.0,1
25.0,520.0,0
20.0,650.0,0
58.0,675.0,4
56.0,440.0,0
56.0,493.0,0
39.0,800.0,2
50.0,880.0,2
40.0,1000.0,0
34.0,380.0,0
33.0,400.0,0
35.0,815.0,1
33.0,880.0,1
30.0,493.0,0
35.0,450.0,0
25.0,435.0,1
36.0,860.0,1
28.0,395.0,0
22.0,350.0,0
40.0,650.0,0
22.0,520.0,1
19.0,410.0,0
18.0,630.0,0
50.0,555.0,1
35.0,575.0,0
34.0,700.0,0
30.0,1200.0,1
27.0,570.0,0
27.0,330.0,0
40.0,1900.0,1
35.0,2200.0,0
40.0,1100.0,2
35.0,1054.0,0
47.0,1400.0,1
22.0,304.0,1
53.0,800.0,0
45.0,650.0,1
60.0,1200.0,4
46.0,879.0,1
38.0,420.0,0
27.0,464.0,0
28.0,870.0,0
30.0,300.0,0
50.0,600.0,0
28.0,610.0,0
33.0,590.0,0
27.0,360.0,0
20.0,920.0,0
43.0,1253.0,0
25.0,441.0,0
18.0,350.0,0
27.0,800.0,1
27.0,765.0,1
26.0,1000.0,0
47.0,660.0,0
40.0,500.0,0
26.0,682.0,0
70.0,1970.0,3
50.0,450.0,0
64.0,732.0,1
40.0,600.0,0
32.0,540.0,0
28.0,751.0,0
41.0,1200.0,0
35.0,440.0,0
63.0,915.0,2
40.0,450.0,0
45.0,700.0,0
45.0,600.0,0
22.0,379.0,0
40.0,600.0,2
20.0,391.0,0
20.0,278.0,0
20.0,900.0,0
30.0,380.0,0
25.0,270.0,0
30.0,360.0,0
37.0,437.0,0
29.0,425.0,0
15.0,900.0,0
30.0,300.0,0
70.0,1000.0,0
75.0,700.0,1
40.0,475.0,0
15.0,850.0,0
52.0,830.0,0
35.0,580.0,0
27.0,541.0,0
38.0,407.0,0
26.0,675.0,0
23.0,419.0,0
23.0,540.0,0
18.0,750.0,0
30.0,500.0,0
19.0,550.0,0
48.0,750.0,1
49.0,514.0,0
37.0,644.0,0
25.0,349.0,0
39.0,505.0,0
36.0,530.0,0
34.0,300.0,0
36.0,300.0,0
45.0,1000.0,0
29.0,694.0,0
23.0,425.0,0
41.0,1081.0,0
45.0,1200.0,4
51.0,917.0,1
40.0,610.0,1
26.0,460.0,0
14.0,670.0,0
22.0,448.0,0
25.0,460.0,0
25.0,500.0,0
40.0,520.0,0
15.0,245.0,0
9.0,430.0,0
34.0,622.0,0
32.0,860.0,0
36.0,705.0,0
18.0,550.0,0
52.0,878.0,0
17.0,494.0,0
13.0,417.0,0
36.0,590.0,0
23.0,340.0,0
17.0,672.0,0
20.0,400.0,0
21.0,850.0,1
23.0,514.0,0
26.0,750.0,1
17.0,430.0,0
22.0,326.0,0
42.0,600.0,0
32.0,597.0,1
22.0,299.0,0
20.0,580.0,0
27.0,300.0,0
31.0,370.0,0
31.0,543.0,0
14.0,265.0,0
12.0,463.0,0
15.0,469.0,0
25.0,387.0,0
16.0,475.0,0
34.0,329.0,0
40.0,371.0,0
33.0,571.0,0
33.0,530.0,0
25.0,371.0,0
25.0,667.0,0
32.0,900.0,0
70.0,1100.0,2
25.0,250.0,0
45.0,530.0,0
34.0,700.0,0
23.0,400.0,0
28.0,335.0,1
50.0,330.0,1
60.0,1000.0,2
25.0,790.0,1
27.0,530.0,0
22.0,400.0,0
22.0,300.0,0
32.0,400.0,0
15.0,490.0,0
25.0,300.0,0
42.0,780.0,2
24.0,470.0,0
26.0,521.0,0
31.0,252.0,0
55.0,564.0,0
28.0,389.0,0
35.0,544.0,0
21.0,275.0,0
38.0,375.0,0
49.0,855.0,1
38.0,433.0,0
21.0,233.0,0
15.0,262.0,0
30.0,615.0,0
45.0,458.0,0
48.0,782.0,0
25.0,330.0,0
55.0,650.0,0
30.0,340.0,0
40.0,1000.0,0
25.0,365.0,0
35.0,460.0,0
47.0,477.0,1
40.0,980.0,1
31.0,330.0,0
36.0,636.0,0
34.0,950.0,1
46.0,820.0,0
33.0,562.0,0
40.0,531.0,0
38.0,656.0,0
52.0,900.0,0
60.0,650.0,0
55.0,750.0,0
20.0,600.0,0
35.0,1100.0,0
28.0,900.0,1
15.0,525.0,0
25.0,574.0,0
7.0,173.0,0
22.0,480.0,0
17.0,322.0,0
12.0,710.0,0
39.0,905.0,0
16.0,235.0,0
40.0,476.0,0
75.0,1078.0,3
43.0,830.0,0
13.0,737.0,0
40.0,493.0,0
70.0,1600.0,0
39.0,622.0,0
31.0,844.0,0
40.0,400.0,0
68.0,950.0,1
92.0,2100.0,4
27.0,530.0,1
58.0,938.0,1
18.0,444.0,1
27.0,508.0,1
17.0,550.0,0
60.0,800.0,0
28.0,600.0,0
30.0,650.0,0
35.0,600.0,0
26.0,948.0,0
40.0,657.0,0
43.0,780.0,0
50.0,910.0,1
53.0,740.0,0
35.0,740.0,0
26.0,370.0,0
50.0,542.0,0
30.0,950.0,1
25.0,704.0,0
26.0,447.0,0
30.0,412.0,1
26.0,480.0,0
36.0,559.0,2
33.0,509.0,0
21.0,543.0,0
29.0,578.0,0
55.0,710.0,0
33.0,600.0,0
36.0,290.0,0
21.0,443.0,0
45.0,700.0,1
26.0,650.0,0
58.0,536.0,0
15.0,775.0,0
40.0,775.0,0
40.0,750.0,0
20.0,723.0,0
35.0,804.0,0
34.0,382.0,0
23.0,389.0,0
34.0,377.0,0
40.0,1060.0,1
45.0,823.0,0
23.0,440.0,0
15.0,413.0,0
41.0,756.0,1
34.0,533.0,0
25.0,600.0,0
40.0,338.0,0
29.0,721.0,0
29.0,435.0,0
24.0,760.0,0
21.0,409.0,0
23.0,490.0,0
39.0,780.0,0
20.0,60.0,0
31.0,400.0,0
26.0,347.0,0
29.0,634.0,1
20.0,528.0,0
20.0,470.0,0
19.0,696.0,0
31.0,1268.0,0
24.0,380.0,0
38.0,120.0,0
23.0,248.0,0
30.0,400.0,0
27.0,345.0,0
90.0,1600.0,4
18.0,585.0,0
27.0,250.0,0
29.0,504.0,0
27.0,360.0,0
23.0,725.0,1
65.0,769.0,3
41.0,531.0,1
27.0,333.0,0
45.0,535.0,0
30.0,300.0,0
45.0,325.0,0
38.0,1319.0,0
28.0,531.0,0
46.0,750.0,1
40.0,650.0,0
20.0,296.0,0
45.0,1275.0,5
30.0,450.0,0
49.0,620.0,1
49.0,2061.0,5
13.0,472.0,0
13.0,363.0,0
36.0,487.0,1
16.0,450.0,0
30.0,502.0,0
21.0,250.0,0
21.0,430.0,0
24.0,450.0,0
23.0,597.0,0
25.0,291.0,0
28.0,360.0,0
43.0,752.0,1
40.0,277.0,0
18.0,406.0,0
17.0,443.0,0
15.0,275.0,0
48.0,615.0,0
38.0,600.0,1
21.0,550.0,0
20.0,220.0,0
25.0,220.0,0
40.0,764.0,0
57.0,740.0,1
32.0,135.0,0
32.0,384.0,0
32.0,540.0,0
37.0,680.0,0
40.0,1800.0,1
30.0,419.0,1
24.0,273.0,0
19.0,400.0,0
18.0,233.0,0
24.0,271.0,0
30.0,624.0,0
40.0,697.0,0
40.0,729.0,0
34.0,420.0,0
29.0,400.0,0
20.0,700.0,1
21.0,366.0,0
17.0,710.0,0
25.0,590.0,0
19.0,720.0,0
20.0,150.0,0
14.0,1030.0,0
35.0,450.0,0
50.0,800.0,1
29.0,280.0,0
33.0,338.0,0
45.0,472.0,0
58.0,998.0,1
40.0,728.0,0
29.0,381.0,1
35.0,474.0,1
44.0,265.0,0
67.0,745.0,1
29.0,521.0,1
44.0,415.0,0
13.0,347.0,0
62.0,660.0,1
32.0,365.0,0
43.0,570.0,0
14.0,255.0,0
32.0,400.0,0
25.0,240.0,0
22.0,300.0,0
21.0,351.0,0
21.0,235.0,0
28.0,308.0,0
15.0,365.0,0
25.0,200.0,0
21.0,530.0,1
24.0,550.0,0
19.0,245.0,0
18.0,450.0,0
16.0,385.0,0
49.0,715.0,0
16.0,244.0,0
13.0,400.0,0
14.0,467.0,0
39.0,500.0,0
23.0,570.0,0
32.0,488.0,1
45.0,490.0,1
23.0,443.0,0
44.0,720.0,0
60.0,755.0,1
25.0,288.0,0
45.0,620.0,1
12.0,366.0,0
22.0,968.0,0
16.0,575.0,0
48.0,1080.0,1
40.0,496.0,0
30.0,639.0,0
21.0,340.0,0
25.0,229.0,0
65.0,550.0,0
34.0,650.0,1
13.0,520.0,2
27.0,440.0,0
30.0,350.0,0
20.0,420.0,0
63.0,851.0,1
38.0,500.0,1
59.0,810.0,1
45.0,800.0,1
45.0,643.0,1
40.0,854.0,1
28.0,585.0,0
13.0,313.0,0
60.0,840.0,0
30.0,1061.0,0
23.0,850.0,0
26.0,735.0,0
12.0,612.0,0
15.0,319.0,0
29.0,1050.0,1
66.0,1670.0,4
16.0,440.0,0
30.0,265.0,0
16.0,270.0,0
35.0,300.0,0
18.0,170.0,0
23.0,300.0,0
8.0,327.0,0
18.0,210.0,0
16.0,500.0,0
18.0,369.0,0
8.0,257.0,0
10.0,260.0,0
10.0,284.0,0
11.0,430.0,0
60.0,900.0,1
26.0,651.0,0
29.0,510.0,0
23.0,540.0,0
44.0,1070.0,0
29.0,650.0,1
27.0,288.0,0
20.0,377.0,0
29.0,540.0,0
25.0,800.0,0
21.0,557.0,0
42.0,580.0,1
35.0,363.0,0
35.0,645.0,0
8.0,372.0,0
10.0,416.0,0
60.0,1150.0,2
19.0,584.0,0
32.0,365.0,0
8.0,246.0,0
13.0,255.0,0
35.0,383.0,0
28.0,270.0,0
29.0,460.0,0
48.0,545.0,0
22.0,464.0,0
24.0,500.0,0
35.0,767.0,0
40.0,393.0,0
18.0,306.0,0
20.0,700.0,0
9.0,279.0,0
22.0,310.0,0
19.0,211.0,0
40.0,350.0,0
34.0,340.0,0
12.0,150.0,0
40.0,185.0,0
47.0,393.0,0
23.0,340.0,0
24.0,534.0,0
20.0,400.0,0
41.0,470.0,0
30.0,247.0,0
24.0,824.0,0
24.0,500.0,0
52.0,700.0,1
40.0,568.0,1
19.0,495.0,0
25.0,527.0,0
22.0,707.0,0
23.0,552.0,0
38.0,614.0,0
34.0,489.0,0
10.0,590.0,0
25.0,358.0,0
56.0,776.0,1
32.0,477.0,0
32.0,820.0,0
30.0,654.0,0
40.0,533.0,0
46.0,707.0,0
31.0,437.0,0
22.0,453.0,0
9.0,178.0,0
22.0,215.0,0
8.0,375.0,0
50.0,450.0,0
35.0,577.0,0
68.0,1604.0,2
32.0,452.0,0
15.0,509.0,0
29.0,372.0,0
16.0,311.0,0
22.0,445.0,0
33.0,220.0,0
25.0,468.0,0
39.0,498.0,0
20.0,364.0,0
40.0,654.0,1
24.0,436.0,0
24.0,300.0,0
37.0,510.0,1
40.0,525.0,1
56.0,690.0,1
19.0,375.0,0
28.0,440.0,0
12.0,212.0,0
30.0,300.0,0
12.0,330.0,0
16.0,353.0,0
42.0,610.0,0
25.0,581.0,0
20.0,200.0,0
12.0,495.0,0
29.0,396.0,0
15.0,730.0,0
16.0,497.0,0
45.0,202.0,0
10.0,416.0,0
34.0,744.0,0
24.0,379.0,0
45.0,1400.0,2
20.0,303.0,0
31.0,340.0,0
23.0,400.0,0
22.0,592.0,0
20.0,236.0,0
17.0,409.0,0
19.0,400.0,0
21.0,240.0,0
20.0,524.0,0
26.0,200.0,0
50.0,660.0,0
25.0,375.0,0
15.0,319.0,0
12.0,365.0,0
20.0,670.0,0
20.0,290.0,0
50.0,521.0,0
23.0,474.0,0
8.0,500.0,0
30.0,270.0,0
19.0,530.0,0
27.0,310.0,0
15.0,616.0,0
14.0,289.0,0
16.0,298.0,0
16.0,375.0,0
12.0,258.0,0
11.0,332.0,0
25.0,894.0,0
27.0,270.0,0
25.0,576.0,1
11.0,303.0,0
36.0,630.0,0
35.0,431.0,0
27.0,309.0,0
18.0,400.0,0
49.0,422.0,2
9.0,916.0,0
8.0,300.0,0
47.0,460.0,0
32.0,570.0,0
21.0,320.0,0
15.0,815.0,0
21.0,290.0,0
41.0,1110.0,0
46.0,800.0,1
18.0,600.0,0
56.0,1176.0,1
20.0,520.0,0
64.0,1100.0,1
23.0,750.0,0
22.0,457.0,0
38.0,207.0,0
30.0,405.0,0
21.0,892.0,0
17.0,443.0,0
10.0,421.0,0
10.0,390.0,0
32.0,751.0,0
20.0,280.0,0
20.0,300.0,0
45.0,460.0,0
20.0,525.0,0
27.0,410.0,0
14.0,361.0,0
33.0,333.0,0
34.0,610.0,0
14.0,630.0,0
20.0,285.0,0
36.0,601.0,0
22.0,291.0,0
14.0,370.0,0
22.0,323.0,0
13.0,310.0,0
22.0,220.0,0
18.0,400.0,0
40.0,460.0,0
30.0,503.0,0
10.0,244.0,0
15.0,504.0,0
16.0,537.0,0
23.0,395.0,0
28.0,492.0,1
47.0,300.0,0
19.0,362.0,0
20.0,350.0,0
29.0,338.0,0
23.0,837.0,0
20.0,350.0,0
24.0,285.0,0
27.0,300.0,0
18.0,631.0,0
20.0,409.0,0
37.0,340.0,0
15.0,149.0,0
32.0,598.0,0
9.0,292.0,0
23.0,244.0,0
60.0,260.0,1
67.0,592.0,0
20.0,242.0,0
35.0,361.0,0
20.0,240.0,0
43.0,572.0,1
48.0,377.0,0
39.0,794.0,1
70.0,830.0,1
40.0,600.0,0
40.0,340.0,0
23.0,450.0,0
47.0,410.0,0
15.0,700.0,0
30.0,857.0,0
13.0,528.0,0
13.0,535.0,0
40.0,630.0,0
64.0,1000.0,0
15.0,700.0,0
22.0,376.0,0
20.0,292.0,0
19.0,273.0,0
14.0,370.0,0
12.0,285.0,0
34.0,236.0,0
61.0,603.0,0
33.0,548.0,1
22.0,870.0,0
20.0,372.0,0
34.0,900.0,0
25.0,600.0,0
23.0,800.0,0
18.0,549.0,0
20.0,654.0,0
5.0,465.0,0
35.0,1000.0,0
23.0,676.0,0
16.0,288.0,0
20.0,566.0,0
47.0,530.0,1
25.0,400.0,0
35.0,250.0,0
34.0,420.0,0
13.0,150.0,0
20.0,440.0,0
27.0,310.0,0
35.0,635.0,1
20.0,246.0,0
35.0,462.0,1
27.0,444.0,1
30.0,410.0,0
48.0,813.0,1
30.0,750.0,1
23.0,675.0,1
35.0,450.0,0
19.0,437.0,0
30.0,264.0,0
38.0,615.0,0
20.0,300.0,0
22.0,600.0,0
25.0,440.0,1
7.0,265.0,0
15.0,1315.0,0
22.0,407.0,0
20.0,201.0,0
27.0,395.0,0
9.0,365.0,0
24.0,270.0,0
49.0,725.0,0
58.0,662.0,0
54.0,1015.0,1
35.0,260.0,0
16.0,266.0,0
20.0,815.0,0
14.0,600.0,1
18.0,207.0,0
13.0,337.0,0
24.0,675.0,0
19.0,396.0,0
39.0,470.0,0
27.0,240.0,0
25.0,300.0,0
12.0,370.0,0
43.0,476.0,0
29.0,564.0,0
18.0,560.0,1
39.0,283.0,0
35.0,360.0,1
33.0,450.0,1
12.0,662.0,0
16.0,195.0,0
19.0,510.0,0
43.0,620.0,0
39.0,425.0,0
40.0,450.0,0
21.0,700.0,0
15.0,300.0,0
25.0,242.0,0
15.0,338.0,0
34.0,570.0,0
34.0,500.0,0
22.0,750.0,0
9.0,535.0,0
14.0,341.0,0
37.0,222.0,1
15.0,800.0,0
21.0,345.0,0
51.0,428.0,1
54.0,389.0,2
44.0,780.0,2
11.0,216.0,0
20.0,225.0,0
12.0,299.0,0
31.0,710.0,0
25.0,210.0,0
41.0,800.0,0
40.0,180.0,0
10.0,245.0,0
31.0,418.0,0
39.0,676.0,1
17.0,270.0,0
19.0,200.0,0
10.0,290.0,0
9.0,475.0,0
50.0,444.0,1
30.0,457.0,1
15.0,300.0,0
45.0,500.0,0
60.0,500.0,0
35.0,800.0,0
17.0,460.0,0
22.0,670.0,0
20.0,350.0,0
10.0,385.0,0
31.0,296.0,0
45.0,1000.0,3
26.0,250.0,0
46.0,1700.0,5
24.0,900.0,3
30.0,800.0,0
36.0,1400.0,2
33.0,1140.0,1
45.0,650.0,1
24.0,389.0,0
14.0,606.0,0
22.0,416.0,0
7.0,497.0,0
8.0,300.0,0
22.0,467.0,0
35.0,410.0,0
48.0,456.0,0
30.0,525.0,0
27.0,315.0,0
16.0,790.0,0
43.0,780.0,1
10.0,400.0,0
45.0,1400.0,3
23.0,386.0,0
27.0,300.0,0
46.0,772.0,0
27.0,669.0,0
18.0,830.0,0
16.0,300.0,0
45.0,430.0,0
30.0,450.0,0
16.0,582.0,0
17.0,688.0,0
14.0,200.0,0
30.0,225.0,0
40.0,500.0,1
37.0,180.0,0
13.0,310.0,0
20.0,100.0,0
31.0,611.0,0
28.0,602.0,0
31.0,342.0,0
19.0,293.0,0
40.0,508.0,0
31.0,532.0,0
40.0,630.0,2
46.0,795.0,2
35.0,434.0,0
62.0,472.0,0
60.0,338.0,0
27.0,348.0,0
12.0,402.0,0
14.0,391.0,0
45.0,1400.0,3
21.0,556.0,0
59.0,1075.0,0
20.0,211.0,0
22.0,381.0,0
17.0,350.0,0
11.0,567.0,0
23.0,600.0,0
42.0,291.0,0
42.0,480.0,0
14.0,254.0,0
33.0,350.0,0
22.0,160.0,0
39.0,365.0,0
30.0,160.0,0
24.0,324.0,0
28.0,325.0,0
9.0,204.0,0
15.0,324.0,0
44.0,800.0,0
32.0,200.0,0
20.0,557.0,0
26.0,595.0,0
18.0,981.0,0
10.0,250.0,0
52.0,820.0,2
11.0,329.0,0
9.0,860.0,0
40.0,300.0,0
9.0,700.0,0
25.0,745.0,0
23.0,256.0,0
17.0,326.0,0
11.0,239.0,0
10.0,500.0,0
20.0,300.0,0
8.0,382.0,0
16.0,326.0,0
28.0,750.0,0
20.0,340.0,0
37.0,379.0,0
36.0,237.0,0
14.0,310.0,0
38.0,429.0,0
26.0,275.0,0
18.0,480.0,0
28.0,490.0,0
12.0,416.0,0
18.0,528.0,0
17.0,320.0,0
32.0,1800.0,1
46.0,792.0,0
53.0,736.0,0
35.0,548.0,1
45.0,151.0,0
43.0,443.0,0
31.0,873.0,0
39.0,601.0,0
52.0,191.0,0
47.0,610.0,0
12.0,350.0,0
17.0,460.0,0
45.0,407.0,0
50.0,477.0,0
15.0,704.0,0
42.0,546.0,0
13.0,667.0,0
52.0,800.0,1
14.0,246.0,0
21.0,400.0,0
21.0,750.0,1
25.0,200.0,0
21.0,310.0,0
38.0,470.0,0
20.0,900.0,0
32.0,750.0,0
27.0,600.0,0
44.0,180.0,0
22.0,240.0,0
25.0,390.0,0
9.0,700.0,0
25.0,350.0,0
21.0,290.0,0
33.0,255.0,0
25.0,241.0,0
22.0,440.0,0
25.0,475.0,0
25.0,640.0,1
30.0,125.0,0
18.0,300.0,0
23.0,700.0,0
28.0,150.0,0
41.0,315.0,0
49.0,294.0,0
33.0,360.0,0
32.0,300.0,0
51.0,200.0,0
20.0,380.0,0
26.0,245.0,0
44.0,445.0,0
38.0,500.0,0
30.0,250.0,0
30.0,403.0,0
34.0,1030.0,0
37.0,630.0,0
20.0,449.0,0
50.0,2400.0,2
30.0,400.0,0
38.0,387.0,0
17.0,1103.0,0
29.0,603.0,1
45.0,885.0,1
14.0,544.0,0
22.0,337.0,0
25.0,964.0,1
32.0,300.0,0
23.0,210.0,2
31.0,259.0,0
20.0,125.0,0
13.0,180.0,0
19.0,760.0,0
20.0,970.0,0
21.0,918.0,0
20.0,500.0,0
16.0,545.0,0
32.0,191.0,0
43.0,290.0,0
25.0,500.0,0
42.0,341.0,0
9.0,1130.0,0
7.0,180.0,0
32.0,350.0,0
23.0,353.0,1
42.0,210.0,0
12.0,532.0,0
20.0,579.0,0
13.0,265.0,0
16.0,510.0,0
15.0,260.0,0
30.0,200.0,0
15.0,250.0,0
15.0,480.0,0
17.0,690.0,0
21.0,390.0,0
14.0,510.0,0
27.0,880.0,1
27.0,350.0,1
7.0,560.0,0
24.0,475.0,0
45.0,600.0,0
25.0,300.0,0
20.0,257.0,0
32.0,193.0,0
20.0,363.0,0
20.0,271.0,0
16.0,437.0,0
27.0,315.0,0
35.0,1350.0,0
26.0,540.0,0
9.0,500.0,0
22.0,447.0,0
17.0,160.0,0
53.0,357.0,0
13.0,350.0,0
26.0,268.0,0
19.0,270.0,0
26.0,563.0,0
27.0,100.0,0
16.0,755.0,0
35.0,401.0,0
31.0,267.0,0
24.0,456.0,0
44.0,550.0,0
14.0,223.0,0
10.0,600.0,0
20.0,980.0,0
10.0,540.0,0
13.0,250.0,0
16.0,332.0,0
19.0,150.0,0
18.0,333.0,0
27.0,471.0,0
41.0,161.0,0
18.0,182.0,0
20.0,289.0,0
41.0,1040.0,0
26.0,650.0,0
21.0,217.0,0
56.0,105.0,0
23.0,724.0,0
45.0,305.0,0
25.0,460.0,0
25.0,175.0,0
29.0,343.0,0
23.0,109.0,0
16.0,826.0,0
17.0,530.0,0
30.0,309.0,0
45.0,450.0,0
27.0,300.0,0
25.0,311.0,0
45.0,914.0,0
19.0,772.0,0
16.0,850.0,0
18.0,204.0,0
15.0,300.0,0
43.0,830.0,1
18.0,360.0,0
36.0,420.0,0
34.0,160.0,0
30.0,255.0,0
15.0,230.0,0
20.0,350.0,0
26.0,100.0,0
30.0,150.0,0
46.0,455.0,1
26.0,155.0,0
43.0,1267.0,1
49.0,320.0,0
35.0,529.0,0
52.0,709.0,0
37.0,319.0,0
28.0,229.0,0
30.0,241.0,0
30.0,443.0,0
22.0,362.0,0
28.0,330.0,0
42.0,910.0,1
30.0,470.0,0
18.0,800.0,0
39.0,727.0,1
36.0,865.0,1
47.0,622.0,0
18.0,300.0,0
45.0,1200.0,0
32.0,1200.0,0
37.0,1525.0,0
40.0,430.0,0
24.0,545.0,0
40.0,600.0,0
24.0,375.0,0
45.0,1500.0,0
35.0,338.0,0
26.0,289.0,0
36.0,80.0,0
17.0,250.0,0
34.0,282.0,0
45.0,750.0,2
21.0,192.0,0
20.0,498.0,0
15.0,552.0,0
33.0,499.0,0
39.0,825.0,0
15.0,445.0,0
10.0,162.0,0
55.0,200.0,0
27.0,236.0,0
22.0,320.0,0
50.0,1450.0,0
18.0,397.0,0
33.0,411.0,0
35.0,494.0,0
31.0,358.0,0
30.0,207.0,0
33.0,175.0,0
55.0,500.0,1
22.0,417.0,0
18.0,370.0,0
37.0,550.0,0
39.0,430.0,0
40.0,250.0,0
36.0,1090.0,1
20.0,415.0,0
24.0,175.0,0
29.0,409.0,0
31.0,285.0,0
25.0,558.0,0
22.0,917.0,1
9.0,229.0,0
19.0,305.0,0
45.0,500.0,0
15.0,350.0,0
35.0,1000.0,0
28.0,335.0,0
30.0,350.0,0
18.0,310.0,0
42.0,556.0,0
47.0,1075.0,0
24.0,380.0,0
33.0,275.0,0
36.0,450.0,0
15.0,363.0,0
18.0,453.0,0
17.0,250.0,0
38.0,921.0,0
20.0,450.0,0
19.0,165.0,0
46.0,270.0,0
35.0,850.0,1
42.0,459.0,0
34.0,360.0,0
40.0,1800.0,0
30.0,1110.0,0
50.0,627.0,0
28.0,300.0,0
19.0,962.0,0
38.0,1020.0,0
14.0,590.0,0
51.0,811.0,0
25.0,650.0,0
40.0,1575.0,0
28.0,389.0,0
29.0,550.0,0
36.0,601.0,0
35.0,572.0,0
43.0,460.0,0
36.0,341.0,0
48.0,975.0,1
41.0,550.0,0
32.0,200.0,0
37.0,686.0,0
37.0,200.0,0
50.0,296.0,1
32.0,473.0,0
46.0,817.0,0
27.0,577.0,0
25.0,448.0,0
38.0,407.0,1
32.0,483.0,0
65.0,560.0,0
17.0,490.0,0
21.0,680.0,0
38.0,270.0,0
35.0,725.0,0
29.0,576.0,1
31.0,361.0,0
20.0,400.0,0
40.0,670.0,0
43.0,520.0,0
24.0,269.0,0
43.0,610.0,0
21.0,468.0,0
35.0,419.0,0
37.0,354.0,1
23.0,444.0,0
35.0,600.0,0
28.0,320.0,0
25.0,627.0,0
75.0,676.0,0
56.0,593.0,0
47.0,275.0,0
20.0,274.0,0
12.0,380.0,0
32.0,349.0,0
50.0,435.0,0
15.0,724.0,0
24.0,190.0,0
32.0,427.0,0
32.0,180.0,0
38.0,730.0,0
33.0,270.0,0
33.0,325.0,0
40.0,311.0,0
30.0,219.0,0
23.0,460.0,0
43.0,853.0,1
44.0,367.0,0
11.0,425.0,0
20.0,300.0,0
36.0,701.0,0
18.0,760.0,0
34.0,200.0,0
45.0,170.0,0
39.0,570.0,0
21.0,435.0,0
18.0,175.0,0
18.0,490.0,0
29.0,380.0,0
23.0,175.0,0
30.0,510.0,0
40.0,1720.0,2
20.0,693.0,0
45.0,1000.0,1
54.0,603.0,1
26.0,138.0,0
33.0,152.0,0
23.0,303.0,0
47.0,1250.0,2
17.0,450.0,0
45.0,1155.0,1
41.0,560.0,0
27.0,255.0,0
25.0,460.0,0
14.0,581.0,0
42.0,375.0,0
29.0,233.0,0
41.0,1450.0,3
45.0,560.0,0
20.0,350.0,0
45.0,1300.0,0
32.0,600.0,0
30.0,626.0,0
12.0,350.0,0
16.0,252.0,0
7.0,297.0,0
41.0,473.0,0
8.0,450.0,0
15.0,344.0,0
40.0,329.0,0
28.0,302.0,0
32.0,450.0,0
34.0,116.0,0
45.0,255.0,0
28.0,545.0,0
14.0,415.0,0
21.0,635.0,0
28.0,185.0,0
25.0,180.0,0
29.0,220.0,0
13.0,870.0,0
9.0,350.0,0
30.0,133.0,0
39.0,208.0,0
32.0,212.0,0
30.0,222.0,0
42.0,331.0,0
23.0,257.0,0
20.0,316.0,0
22.0,138.0,0
26.0,483.0,0
38.0,763.0,0
10.0,380.0,0
10.0,328.0,0
19.0,289.0,0
42.0,378.0,0
24.0,319.0,0
26.0,322.0,0
14.0,260.0,0
18.0,400.0,0
22.0,515.0,0
29.0,600.0,0
44.0,353.0,0
25.0,93.0,0
21.0,243.0,0
36.0,381.0,0
10.0,128.0,0
10.0,488.0,0
21.0,335.0,0
22.0,171.0,0
21.0,420.0,0
41.0,516.0,0
35.0,556.0,0
23.0,362.0,0
21.0,314.0,0
14.0,505.0,0
20.0,386.0,0
23.0,446.0,0
34.0,829.0,0
41.0,216.0,0
12.0,357.0,0
6.0,477.0,0
13.0,206.0,0
32.0,833.0,0
27.0,498.0,0
41.0,567.0,1
23.0,403.0,1
24.0,569.0,0
41.0,500.0,0
21.0,650.0,0
25.0,232.0,0
41.0,317.0,0
15.0,224.0,0
27.0,264.0,0
27.0,689.0,0
39.0,350.0,0
27.0,1057.0,0
11.0,1288.0,0
24.0,225.0,0
19.0,217.0,0
35.0,278.0,0
14.0,500.0,0
38.0,325.0,0
11.0,378.0,0
44.0,212.0,0
17.0,697.0,0
32.0,309.0,0
10.0,428.0,0
23.0,434.0,0
17.0,455.0,0
36.0,400.0,0
14.0,660.0,0
10.0,676.0,0
35.0,404.0,0
33.0,328.0,0
23.0,302.0,0
55.0,325.0,0
30.0,173.0,0
18.0,256.0,0
38.0,300.0,0
29.0,363.0,0
20.0,340.0,0
16.0,280.0,0
9.0,500.0,0
10.0,735.0,0
21.0,470.0,0
11.0,404.0,0
38.0,744.0,1
27.0,300.0,0
16.0,287.0,0
11.0,310.0,0
37.0,372.0,0
10.0,540.0,0
40.0,1100.0,0
20.0,608.0,0
17.0,240.0,0
56.0,177.0,0
42.0,402.0,0
21.0,364.0,0
20.0,724.0,0
15.0,193.0,0
10.0,421.0,0
20.0,700.0,0
31.0,387.0,0
31.0,180.0,0
24.0,465.0,0
21.0,275.0,0
37.0,584.0,0
50.0,595.0,0
26.0,483.0,0
16.0,560.0,0
23.0,970.0,0
30.0,550.0,0
13.0,400.0,0
27.0,140.0,0
11.0,468.0,0
18.0,150.0,0
17.0,170.0,0
23.0,440.0,0
32.0,410.0,0
17.0,790.0,0
30.0,276.0,0
30.0,579.0,0
20.0,405.0,0
41.0,330.0,0
25.0,193.0,0
23.0,193.0,0
31.0,270.0,0
25.0,400.0,0
43.0,861.0,1
15.0,405.0,0
12.0,283.0,0
28.0,446.0,0
21.0,420.0,0
32.0,549.0,0
20.0,335.0,0
21.0,278.0,0
25.0,430.0,0
28.0,402.0,3
31.0,390.0,3
19.0,400.0,0
23.0,300.0,0
28.0,655.0,0
13.0,344.0,0
35.0,240.0,0
32.0,629.0,0
22.0,666.0,0
44.0,379.0,0
44.0,782.0,0
19.0,282.0,0
24.0,215.0,0
25.0,458.0,0
33.0,369.0,0
50.0,780.0,1
18.0,422.0,0
7.0,400.0,0
30.0,379.0,0
15.0,265.0,0
47.0,647.0,1
39.0,755.0,0
31.0,322.0,0
27.0,451.0,0
28.0,692.0,0
41.0,827.0,1
18.0,217.0,0
15.0,1124.0,0
32.0,473.0,0
22.0,690.0,0
18.0,251.0,0
21.0,252.0,0
30.0,425.0,0
19.0,320.0,0
28.0,322.0,0
29.0,547.0,0
44.0,770.0,1
36.0,455.0,0
15.0,389.0,0
27.0,310.0,0
7.0,320.0,0
29.0,127.0,0
30.0,580.0,0
29.0,605.0,0
18.0,324.0,0
18.0,222.0,0
17.0,321.0,0
27.0,515.0,0
38.0,802.0,0
22.0,308.0,1
19.0,671.0,0
28.0,189.0,0
17.0,438.0,0
13.0,237.0,0
45.0,650.0,1
45.0,580.0,1
19.0,228.0,0
33.0,903.0,0
22.0,398.0,0
34.0,361.0,0
32.0,268.0,0
21.0,416.0,0
25.0,186.0,0
23.0,309.0,0
21.0,290.0,0
20.0,363.0,0
18.0,501.0,0
41.0,263.0,0
5.0,514.0,0
46.0,650.0,0
33.0,715.0,0
58.0,850.0,1
14.0,983.0,0
17.0,444.0,0
12.0,193.0,0
37.0,1588.0,2
18.0,598.0,0
17.0,220.0,0
22.0,400.0,0
29.0,360.0,0
20.0,522.0,0
27.0,285.0,0
19.0,530.0,0
33.0,299.0,0
45.0,940.0,1
17.0,300.0,0
21.0,662.0,0
14.0,606.0,0
21.0,163.0,0
32.0,170.0,0
19.0,275.0,0
21.0,580.0,0
31.0,318.0,0
45.0,332.0,0
28.0,224.0,0
45.0,483.0,1
26.0,290.0,0
31.0,297.0,0
25.0,466.0,0
32.0,324.0,0
45.0,351.0,0
22.0,541.0,0
15.0,457.0,0
32.0,250.0,0
27.0,420.0,0
35.0,820.0,0
19.0,555.0,0
10.0,500.0,0
35.0,856.0,0
25.0,585.0,0
16.0,220.0,0
25.0,475.0,0
20.0,585.0,0
24.0,140.0,0
33.0,460.0,0
20.0,200.0,0
35.0,364.0,1
27.0,332.0,0
44.0,393.0,0
12.0,428.0,0
26.0,350.0,0
31.0,600.0,0
37.0,550.0,0
14.0,450.0,0
45.0,450.0,1
28.0,193.0,0
28.0,274.0,0
18.0,285.0,0
21.0,680.0,0
31.0,333.0,0
25.0,600.0,0
32.0,925.0,0
31.0,653.0,0
25.0,530.0,0
23.0,597.0,0
21.0,553.0,0
8.0,300.0,0
30.0,575.0,0
20.0,298.0,0
19.0,284.0,0
35.0,360.0,0
45.0,307.0,0
25.0,535.0,0
12.0,650.0,0
27.0,392.0,0
49.0,402.0,0
28.0,407.0,0
21.0,579.0,0
39.0,450.0,0
19.0,544.0,0
20.0,165.0,0
32.0,590.0,0
28.0,570.0,0
44.0,670.0,0
17.0,219.0,0
23.0,482.0,0
22.0,169.0,0
29.0,350.0,0
23.0,275.0,0
23.0,309.0,0
20.0,503.0,1
30.0,395.0,0
42.0,415.0,0
18.0,470.0,1
24.0,237.0,0
30.0,303.0,0
12.0,280.0,0
32.0,435.0,0
19.0,445.0,0
48.0,100.0,0
31.0,464.0,1
13.0,340.0,0
33.0,740.0,0
22.0,417.0,0
15.0,454.0,0
20.0,311.0,0
26.0,263.0,0
36.0,352.0,1
35.0,521.0,1
31.0,369.0,0
44.0,380.0,1
24.0,309.0,0
21.0,193.0,0
10.0,328.0,0
25.0,369.0,0
36.0,254.0,0
37.0,689.0,0
38.0,328.0,0
10.0,283.0,0
40.0,510.0,0
40.0,231.0,0
45.0,276.0,1
45.0,695.0,1
10.0,450.0,0
10.0,379.0,0
24.0,485.0,0
29.0,257.0,0
18.0,347.0,0
25.0,289.0,0
29.0,362.0,0
13.0,589.0,1
15.0,338.0,0
22.0,596.0,0
36.0,386.0,1
14.0,280.0,0
27.0,412.0,0
15.0,222.0,0
18.0,194.0,0
16.0,342.0,0
35.0,414.0,0
25.0,214.0,0
12.0,674.0,0
20.0,700.0,0
11.0,688.0,0
12.0,390.0,0
26.0,311.0,0
12.0,281.0,0
11.0,309.0,0
19.0,535.0,0
36.0,1198.0,0
30.0,418.0,0
17.0,366.0,0
15.0,550.0,0
25.0,434.0,0
10.0,271.0,0
20.0,309.0,0
20.0,280.0,0
32.0,189.0,0
19.0,510.0,0
35.0,450.0,0
17.0,103.0,0
30.0,514.0,0
22.0,295.0,0
31.0,193.0,0
13.0,386.0,0
16.0,340.0,0
13.0,300.0,0
10.0,333.0,0
41.0,243.0,0
41.0,531.0,0
22.0,271.0,0
20.0,106.0,0
26.0,187.0,0
18.0,370.0,0
22.0,540.0,0
27.0,309.0,0
40.0,516.0,0
42.0,484.0,1
20.0,235.0,0
25.0,482.0,0
32.0,434.0,0
28.0,450.0,0
42.0,560.0,0
34.0,365.0,0
31.0,350.0,0
15.0,294.0,0
35.0,250.0,0
45.0,550.0,0
20.0,440.0,0
17.0,677.0,0
17.0,426.0,0
14.0,289.0,0
18.0,540.0,0
20.0,643.0,0
50.0,572.0,0
28.0,158.0,0
36.0,315.0,0
32.0,550.0,0
7.0,620.0,0
32.0,328.0,0
19.0,444.0,0
20.0,479.0,0
13.0,550.0,0
25.0,539.0,0
15.0,415.0,0
35.0,386.0,0
29.0,584.0,1
16.0,355.0,0
27.0,462.0,0
28.0,450.0,0
27.0,558.0,0
35.0,714.0,0
26.0,212.0,0
40.0,740.0,0
16.0,500.0,0
19.0,383.0,0
45.0,350.0,1
33.0,525.0,0
24.0,354.0,0
25.0,254.0,0
14.0,320.0,0
10.0,550.0,0
14.0,247.0,0
22.0,710.0,0
26.0,141.0,0
22.0,445.0,0
24.0,364.0,0
25.0,158.0,0
16.0,505.0,0
31.0,382.0,0
19.0,231.0,0
20.0,750.0,0
16.0,231.0,0
29.0,173.0,0
13.0,251.0,0
25.0,375.0,0
13.0,585.0,0
24.0,240.0,0
24.0,212.0,0
27.0,218.0,0
23.0,108.0,0
32.0,216.0,0
10.0,539.0,0
31.0,674.0,0
24.0,317.0,0
12.0,597.0,0
43.0,722.0,1
14.0,324.0,0
17.0,301.0,0
14.0,300.0,0
12.0,436.0,0
34.0,148.0,0
14.0,393.0,0
10.0,221.0,0
15.0,183.0,0
17.0,398.0,0
18.0,414.0,0
17.0,268.0,0
25.0,469.0,0
33.0,307.0,0
17.0,348.0,0
38.0,270.0,0
26.0,380.0,0
23.0,535.0,1
23.0,524.0,0
32.0,294.0,0
20.0,263.0,0
12.0,517.0,0
22.0,170.0,0
37.0,243.0,1
45.0,450.0,0
35.0,320.0,1
15.0,181.0,0
10.0,339.0,0
23.0,386.0,0
25.0,621.0,0
15.0,275.0,0
27.0,293.0,0
11.0,386.0,0
12.0,317.0,0
21.0,202.0,0
23.0,264.0,0
19.0,462.0,0
24.0,280.0,0
28.0,400.0,0
42.0,560.0,1
24.0,353.0,0
14.0,302.0,0
17.0,246.0,0
12.0,302.0,0
22.0,493.0,0
30.0,187.0,0
30.0,183.0,0
27.0,336.0,0
17.0,220.0,0
18.0,360.0,0
10.0,463.0,0
35.0,487.0,1
10.0,282.0,0
27.0,724.0,0
10.0,463.0,0
16.0,431.0,0
19.0,176.0,0
15.0,456.0,0
31.0,350.0,0
32.0,135.0,0
34.0,270.0,0
14.0,482.0,0
16.0,463.0,0
22.0,407.0,0
21.0,491.0,1
19.0,585.0,1
19.0,262.0,0
19.0,400.0,0
15.0,270.0,0
18.0,328.0,0
13.0,519.0,0
11.0,386.0,0
25.0,168.0,0
23.0,483.0,0
48.0,271.0,0
11.0,313.0,0
24.0,237.0,0
30.0,206.0,0
27.0,599.0,0
14.0,506.0,0
26.0,493.0,0
24.0,449.0,0
52.0,347.0,0
20.0,241.0,0
14.0,115.0,0
24.0,207.0,0
15.0,387.0,0
20.0,479.0,0
15.0,558.0,0
20.0,645.0,0
26.0,88.0,0
22.0,167.0,0
36.0,580.0,0
10.0,628.0,1
15.0,365.0,0
14.0,353.0,0
45.0,270.0,0
11.0,723.0,0
21.0,429.0,0
26.0,276.0,0
31.0,531.0,0
22.0,539.0,0
22.0,199.0,0
13.0,450.0,0
27.0,205.0,0
34.0,358.0,0
27.0,95.0,0
30.0,311.0,0
10.0,313.0,0
10.0,594.0,0
18.0,456.0,0
12.0,405.0,0
17.0,239.0,0
27.0,492.0,0
42.0,450.0,0
11.0,155.0,0
20.0,675.0,0
18.0,530.0,0
20.0,379.0,0
27.0,407.0,0
32.0,206.0,0
17.0,256.0,0
22.0,98.0,0
13.0,234.0,0
26.0,182.0,0
16.0,338.0,0
35.0,379.0,0
36.0,378.0,0
17.0,260.0,0
19.0,293.0,0
23.0,280.0,0
26.0,179.0,0
14.0,295.0,0
19.0,308.0,0
16.0,337.0,0
18.0,328.0,0
26.0,259.0,0
21.0,609.0,1
17.0,438.0,0
30.0,538.0,0
19.0,298.0,0
12.0,516.0,0
10.0,386.0,0
34.0,449.0,0
13.0,125.0,0
27.0,258.0,0
13.0,90.0,0
19.0,384.0,0
45.0,135.0,0
25.0,311.0,0
21.0,127.0,0
21.0,278.0,0
24.0,433.0,0
22.0,445.0,0
45.0,483.0,0
41.0,440.0,0
11.0,693.0,0
35.0,661.0,0
22.0,412.0,0
15.0,302.0,0
10.0,493.0,0
16.0,512.0,0
50.0,934.0,1
27.0,454.0,0
34.0,719.0,0
16.0,364.0,0
23.0,911.0,0
51.0,358.0,0
15.0,322.0,0
17.0,580.0,0
16.0,498.0,0
20.0,418.0,0
26.0,172.0,0
15.0,347.0,0
25.0,340.0,1
13.0,565.0,0
26.0,375.0,1
14.0,433.0,0
30.0,334.0,0
26.0,313.0,0
15.0,421.0,0
22.0,303.0,0
23.0,339.0,0
15.0,289.0,0
10.0,627.0,0
23.0,268.0,0
26.0,268.0,1
25.0,362.0,0
22.0,419.0,0
25.0,279.0,0
24.0,330.0,0
13.0,289.0,0
19.0,400.0,0
25.0,405.0,0
14.0,354.0,0
18.0,351.0,0
33.0,530.0,0
26.0,360.0,0
39.0,400.0,1
13.0,430.0,0
13.0,462.0,0
16.0,191.0,0
12.0,900.0,0
20.0,240.0,0
20.0,267.0,0
15.0,588.0,0
24.0,246.0,0
30.0,377.0,0
22.0,573.0,0
49.0,750.0,2
10.0,734.0,0
39.0,589.0,0
32.0,356.0,0
16.0,373.0,0
30.0,320.0,0
28.0,620.0,0
33.0,944.0,1
46.0,2271.0,2
38.0,574.0,1
19.0,325.0,0
23.0,149.0,0
32.0,370.0,0
25.0,550.0,0
21.0,496.0,1
10.0,302.0,0
16.0,351.0,0
25.0,314.0,0
19.0,491.0,0
18.0,327.0,0
11.0,333.0,0
10.0,255.0,0
32.0,625.0,0
25.0,710.0,2
46.0,1114.0,5
24.0,260.0,0
44.0,1238.0,2
30.0,1178.0,0
13.0,597.0,0
16.0,477.0,0
20.0,282.0,0
21.0,395.0,0
21.0,442.0,0
20.0,450.0,0
35.0,465.0,0
33.0,333.0,0
54.0,2650.0,5
22.0,450.0,0
29.0,358.0,0
25.0,741.0,0
21.0,300.0,0
30.0,551.0,0
21.0,412.0,0
49.0,1404.0,2
29.0,899.0,1
16.0,431.0,0
10.0,675.0,0
12.0,270.0,0
24.0,265.0,0
17.0,154.0,0
29.0,372.0,0
27.0,240.0,0
32.0,283.0,0
29.0,326.0,0
35.0,254.0,0
32.0,442.0,0
29.0,557.0,0
19.0,600.0,0
25.0,652.0,0
18.0,330.0,0
24.0,283.0,0
25.0,380.0,0
24.0,510.0,0
29.0,353.0,0
33.0,1439.0,0
42.0,1468.0,1
12.0,586.0,0
16.0,380.0,0
27.0,406.0,0
33.0,441.0,0
15.0,289.0,0
8.0,237.0,0
15.0,251.0,0
17.0,200.0,0
24.0,226.0,0
21.0,250.0,0
27.0,370.0,1
27.0,492.0,0
25.0,380.0,0
26.0,260.0,0
35.0,383.0,0
33.0,234.0,0
13.0,505.0,0
31.0,411.0,0
30.0,367.0,0
24.0,237.0,0
32.0,278.0,0
26.0,238.0,0
26.0,282.0,0
18.0,193.0,0
15.0,308.0,0
14.0,600.0,0
19.0,303.0,0
17.0,279.0,0
31.0,560.0,0
16.0,241.0,0
23.0,278.0,0
49.0,554.0,1
16.0,217.0,0
27.0,369.0,0
25.0,497.0,0
18.0,446.0,0
29.0,386.0,1
18.0,350.0,0
16.0,268.0,0
28.0,357.0,0
24.0,443.0,0
18.0,308.0,0
21.0,238.0,0
20.0,374.0,0
29.0,381.0,0
24.0,379.0,0
17.0,271.0,0
26.0,371.0,0
24.0,412.0,0
33.0,635.0,1
19.0,350.0,0
20.0,333.0,0
11.0,190.0,0
17.0,263.0,0
23.0,361.0,1
33.0,282.0,0
12.0,196.0,0
21.0,309.0,0
21.0,344.0,0
22.0,250.0,0
16.0,217.0,0
22.0,260.0,1
35.0,485.0,0
10.0,293.0,0
14.0,205.0,0
28.0,297.0,0
27.0,289.0,0
13.0,309.0,0
19.0,309.0,1
35.0,212.0,0
16.0,342.0,0
12.0,316.0,0
19.0,220.0,0
19.0,270.0,0
23.0,290.0,0
20.0,150.0,1
24.0,588.0,0
20.0,360.0,0
18.0,430.0,0
15.0,295.0,1
14.0,292.0,0
15.0,184.0,0
13.0,330.0,0
16.0,299.0,0
14.0,299.0,1
12.0,371.0,0
23.0,397.0,0
17.0,292.0,0
26.0,355.0,0
27.0,340.0,1
12.0,368.0,0
41.0,541.0,1
22.0,506.0,1
12.0,318.0,0
22.0,428.0,0
30.0,387.0,0
27.0,367.0,0
26.0,434.0,0
16.0,309.0,0
28.0,595.0,0
18.0,296.0,0
19.0,989.0,0
23.0,458.0,0
22.0,456.0,0
25.0,863.0,1
31.0,776.0,1
15.0,282.0,0
29.0,268.0,0
25.0,257.0,0
33.0,422.0,1
10.0,287.0,0
23.0,364.0,0
32.0,790.0,1
24.0,471.0,1
28.0,362.0,1
26.0,528.0,1
27.0,594.0,1
18.0,428.0,0
20.0,392.0,0
10.0,301.0,1
13.0,351.0,0
7.0,215.0,0
23.0,521.0,0
2.0,273.0,0
16.0,384.0,0
11.0,184.0,0
5.0,218.0,0
13.0,307.0,0
3.0,381.0,0
23.0,268.0,0
21.0,269.0,0
12.0,247.0,0
6.0,254.0,0
16.0,319.0,0
6.0,366.0,0
15.0,249.0,0
26.0,254.0,0
17.0,262.0,1
12.0,383.0,0
5.0,224.0,0
8.0,259.0,0
12.0,356.0,0
10.0,211.0,0
20.0,163.0,0
19.0,227.0,0
6.0,205.0,0
17.0,193.0,0
18.0,248.0,0
10.0,362.0,0
21.0,341.0,0
19.0,443.0,0
18.0,308.0,0
7.0,439.0,0
24.0,200.0,0
18.0,410.0,0
16.0,285.0,0
10.0,266.0,0
24.0,237.0,0
9.0,489.0,0
23.0,180.0,0
25.0,241.0,0
30.0,232.0,1
16.0,317.0,0
24.0,348.0,0
11.0,402.0,0
12.0,293.0,0
12.0,257.0,0
11.0,346.0,0
15.0,282.0,0
15.0,211.0,0
18.0,266.0,0
5.0,355.0,0
24.0,217.0,0
18.0,264.0,0
29.0,411.0,0
22.0,236.0,0
25.0,212.0,0
29.0,291.0,0
12.0,235.0,0
18.0,290.0,0
9.0,333.0,0
15.0,440.0,0
13.0,208.0,0
7.0,249.0,0
27.0,385.0,1
20.0,505.0,0
25.0,125.0,1
33.0,323.0,0
14.0,484.0,0
12.0,299.0,0
25.0,148.0,0
23.0,278.0,1
12.0,326.0,0
19.0,214.0,0
24.0,277.0,1
19.0,296.0,1
16.0,284.0,0
16.0,275.0,0
30.0,242.0,0
32.0,452.0,1
12.0,296.0,0
29.0,541.0,0
13.0,256.0,0
26.0,246.0,0
5.0,222.0,0
9.0,549.0,0
10.0,173.0,0
30.0,188.0,1
24.0,269.0,0
17.0,371.0,0
26.0,195.0,0
13.0,283.0,0
19.0,389.0,0
14.0,214.0,0
13.0,131.0,0
22.5,354.0,0
9.0,150.0,0
32.0,186.0,0
30.0,387.0,0
16.0,294.0,0
21.0,221.0,1
24.0,314.0,0
8.0,234.0,0
12.0,206.0,0
16.0,280.0,0
17.0,347.0,1
13.0,286.0,0
11.0,236.0,0
22.5,120.0,0
20.0,259.0,0
31.0,442.0,0
16.0,255.0,0
30.0,436.0,1
10.0,160.0,0
26.0,540.0,0
19.0,190.0,1
20.5,242.0,0
23.0,158.0,0
15.0,281.0,0
17.0,250.0,0
14.0,313.0,0
16.0,251.0,0
28.0,235.0,0
26.0,375.0,0
25.0,281.0,0
18.0,241.0,0
10.0,380.0,0
26.0,237.0,0
6.0,443.0,0
19.0,140.0,0
19.0,261.0,0
15.0,523.0,0
18.0,241.0,0
30.0,364.0,0
15.5,1166.0,0
13.0,1182.0,0
12.0,325.0,1
27.0,320.0,0
35.0,270.0,0
6.0,159.0,0
32.0,179.0,0
20.0,368.0,0
42.0,878.0,0
10.0,298.0,0
32.0,550.0,1
15.0,331.0,0
58.0,1336.0,3
25.5,284.0,0
11.0,338.0,0
15.0,200.0,0
35.0,774.0,0
20.0,314.0,0
15.0,305.0,0
13.0,275.0,0
17.0,220.0,0
41.0,1383.0,1
10.0,206.0,0
32.0,325.0,0
22.5,185.0,0
20.5,215.0,0
26.0,610.0,0
19.5,390.0,0
10.0,443.0,0
29.5,386.0,0
15.0,204.0,0
32.0,486.0,0
25.0,372.0,1
30.0,626.0,1
27.5,278.0,0
17.5,240.0,0
31.0,529.0,0
12.0,326.0,0
33.0,430.0,0
22.0,173.0,0
30.0,300.0,0
24.0,253.0,0
18.0,218.0,0
28.0,244.0,0
24.5,345.0,0
29.0,246.0,0
10.0,378.0,0
5.0,276.0,0
22.0,151.0,0
19.0,259.0,0
23.0,329.0,0
29.0,250.0,0
20.0,218.0,0
23.0,224.0,0
22.0,298.0,0
21.0,244.0,0
22.0,205.92,0
16.0,460.0,0
21.0,278.0,0
10.0,250.0,0
12.0,253.0,0
11.0,262.0,0
17.5,252.0,0
11.0,135.0,0
11.0,364.0,0
29.0,249.0,0
15.0,445.0,0
10.0,282.9,0
15.0,885.0,0
8.0,420.0,0
15.0,197.0,0
10.0,289.0,0
18.5,90.8,0
7.0,284.0,0
25.0,122.0,0
50.0,680.0,1
22.0,501.0,0
30.0,321.0,0
13.5,257.0,0
29.0,234.0,0
8.0,260.0,0
27.5,153.0,0
18.0,260.0,0
4.0,251.0,0
28.0,356.0,0
26.0,260.0,0
24.0,350.0,0
27.0,273.0,0
25.0,342.0,0
20.0,280.0,0
23.0,228.0,0
11.0,388.0,0
11.0,255.0,0
31.0,514.0,0
12.0,185.0,0
16.0,296.0,0
17.0,336.0,0
35.0,422.0,2
19.0,205.0,0
30.0,281.0,1
20.0,406.0,0
15.0,193.0,0
21.0,237.0,0
10.0,378.0,0
20.0,164.0,0
27.5,231.0,0
11.0,369.0,0
6.0,276.0,0
21.0,262.0,0
28.0,239.0,1
19.0,298.0,0
25.0,447.0,0
9.0,341.0,0
13.0,295.0,0
21.0,323.0,0
10.0,324.0,0
38.0,882.0,0
21.0,161.0,0
26.0,299.0,0
28.0,583.0,0
18.0,339.0,0
30.0,803.0,1
25.0,327.0,0
23.0,172.0,0
23.0,652.0,1
27.0,488.0,0
22.0,232.0,1
32.0,330.0,0
26.0,384.0,0
25.0,120.0,0
26.0,512.0,0
29.0,374.0,0
21.0,284.0,0
24.0,301.0,0
22.0,388.0,0
15.0,400.0,0
40.0,815.0,1
27.0,717.0,1
45.0,580.0,1
23.0,336.0,0
27.0,475.0,0
14.0,294.0,0
20.0,137.0,0
20.0,227.0,0
26.0,334.0,0
24.0,294.0,0
19.0,289.0,0
37.0,259.0,0
21.0,500.0,2
20.0,611.0,2
26.0,670.0,2
26.0,699.0,1
31.0,806.0,1
23.0,703.0,1
11.0,585.0,0
26.0,435.0,0
18.0,469.0,0
22.0,350.0,0
46.0,824.0,2
18.0,412.0,0
20.0,486.0,0
14.0,269.0,0
15.0,312.0,0
16.0,254.0,0
10.0,312.0,0
19.0,572.0,0
28.0,649.0,0
17.0,260.0,0
19.0,303.0,0
20.0,176.0,0
10.0,454.0,0
18.0,277.0,0
31.0,544.0,0
27.0,559.0,0
34.0,1002.0,0
29.0,725.0,0
31.0,301.0,0
28.0,338.0,0
18.0,302.0,0
15.0,295.0,0
20.0,222.0,0
32.0,279.0,2
21.0,266.0,0
17.0,280.0,0
28.0,308.0,0
12.0,415.0,0
27.0,213.0,0
37.0,479.0,1
5.0,472.0,0
4.0,329.0,0
24.0,483.0,0
33.0,481.0,0
24.0,345.0,0
30.0,378.0,1
22.0,268.0,0
35.0,413.0,0
38.0,1181.0,0
11.0,275.0,0
10.0,530.0,0
18.0,401.0,0
19.0,291.0,0
38.0,485.0,0
31.0,447.0,0
29.0,394.0,0
23.0,309.0,0
20.0,213.0,0
13.0,230.0,0
36.0,362.0,0
23.0,535.0,0
31.0,334.0,0
23.0,148.0,0
19.0,328.0,0
29.0,310.0,0
27.0,347.0,0
37.0,525.0,1
15.0,502.0,0
28.0,323.0,0
14.0,375.0,1
34.0,643.0,0
22.0,461.0,0
23.0,646.0,0
31.0,652.0,0
40.0,345.0,0
28.0,423.0,0
27.0,632.0,0
57.0,770.0,0
22.0,349.0,0
32.0,589.0,0
15.0,428.0,0
50.0,2069.0,0
16.0,768.0,0
47.0,1029.0,0
10.0,434.0,0
23.0,478.0,0
15.0,382.0,0
32.0,399.0,0
15.0,203.0,0
29.0,971.0,2
12.0,443.0,0
10.0,356.0,0
24.0,259.0,0
27.0,364.0,1
19.0,216.0,0
21.0,267.0,0
18.0,514.0,0
39.0,600.0,0
26.0,267.0,0
32.0,366.0,0
10.0,545.0,0
36.0,531.0,0
33.0,554.0,0
33.0,420.0,0
26.0,378.0,0
11.0,545.0,0
15.0,293.0,0
36.0,264.0,1
19.0,300.0,0
29.0,180.0,0
21.0,377.0,0
27.0,335.0,0
22.0,235.0,0
24.0,224.0,0
26.0,329.0,0
33.0,259.0,0
26.0,278.0,0
14.0,469.0,0
16.0,487.0,0
25.0,524.0,0
21.0,484.0,0
12.0,532.0,0
31.0,393.0,0
14.0,244.0,0
14.0,318.0,0
28.0,342.0,0
25.0,289.0,0
15.0,499.0,0
14.0,426.0,0
22.0,213.0,0
24.0,560.0,0
29.0,986.0,0
12.5,386.5,0
13.5,469.0,0
28.0,326.0,0
22.0,315.0,0
30.0,365.0,0
27.0,389.0,0
35.0,393.0,1
38.0,455.0,0
22.0,330.0,0
33.0,454.0,1
15.0,526.0,0
28.0,367.0,0
15.0,499.0,0
27.0,266.0,1
45.0,599.0,1
33.0,298.0,0
45.0,261.0,1
29.0,777.0,0
18.0,638.0,0
16.0,479.0,0
14.0,864.0,0
26.0,1128.0,0
17.0,740.0,0
14.0,661.0,0
11.0,624.0,0
37.0,731.0,0
38.0,631.0,0
15.0,396.0,0
16.0,566.0,0
31.0,632.0,0
10.0,274.0,0
11.0,438.0,0
45.0,537.0,1
29.0,338.0,0
22.0,557.0,0
40.0,287.0,0
18.0,360.0,0
26.0,383.0,0
22.0,451.0,0
18.0,481.0,0
14.0,395.0,0
10.0,392.0,0
29.0,572.0,0
39.0,652.0,0
29.0,577.0,0
19.0,379.0,0
19.0,335.0,0
37.0,464.0,0
31.0,394.0,1
11.0,494.0,0
21.0,408.0,0
38.0,472.0,0
20.0,456.0,0
24.0,475.0,0
22.0,511.0,1
24.0,994.0,0
42.0,681.0,0
19.0,766.0,0
22.0,254.0,0
28.0,675.0,0
17.0,352.0,0
40.0,254.0,0
36.0,292.0,0
38.0,287.0,0
48.0,300.0,2
32.0,428.0,2
10.0,503.0,0
15.0,413.0,0
12.0,327.0,0
18.0,1164.0,0
24.0,427.0,0
25.0,282.0,0
17.0,477.0,0
18.0,403.0,0
45.0,649.0,1
12.0,487.0,0
37.0,235.0,0
30.0,263.0,0
27.0,414.0,1
22.0,370.0,0
23.0,769.0,0
28.0,496.0,0
29.0,449.0,0
25.0,262.0,0
24.0,311.0,0
19.0,282.0,0
34.0,300.0,0
16.0,466.0,0
16.0,472.0,0
12.0,253.0,0
45.0,983.0,3
30.0,392.0,0
24.0,298.0,0
10.0,408.0,1
26.0,306.0,0
35.0,512.0,1
15.0,307.0,0
33.0,751.0,0
34.0,701.0,0
14.0,256.0,0
21.0,426.0,0
22.0,317.0,0
42.0,786.0,0
32.0,314.0,0
38.0,553.0,0
37.0,491.0,0
14.0,253.0,0
17.0,323.0,0
29.0,241.0,0
30.0,404.0,0
27.0,380.0,0
24.0,249.0,0
21.0,662.0,0
15.0,535.0,0
24.0,435.0,0
19.0,423.0,0
27.0,430.0,0
11.0,265.0,0
16.0,331.0,0
37.0,369.0,0
39.0,612.0,0
17.0,314.0,0
30.0,338.0,0
25.0,605.0,0
33.0,683.0,0
13.0,402.0,0
33.0,302.0,2
29.0,349.0,0
40.0,282.0,0
29.0,395.0,0
49.0,1109.0,8
13.0,554.0,0
18.0,966.0,0
30.0,435.0,1
47.0,657.0,1
25.0,405.0,0
32.0,509.0,3
49.0,771.0,3
51.0,1151.0,4
29.0,401.0,0
35.0,271.0,0
20.0,607.0,0
30.0,430.0,1
15.0,414.0,0
45.0,590.0,0
21.0,403.0,0
27.0,460.0,0
23.0,381.0,0
27.0,365.0,0
21.0,327.0,0
24.0,285.0,0
27.0,266.0,0
26.0,397.0,0
26.0,373.0,0
12.0,331.0,0
45.0,1310.0,0
37.0,733.0,0
15.0,320.0,0
32.0,951.0,0
28.0,364.0,0
49.0,383.0,0
24.0,379.0,0
29.0,512.0,0
14.0,266.0,0
38.0,243.0,0
42.0,384.0,0
22.0,271.0,0
38.0,551.0,0
19.0,218.0,0
10.0,894.0,0
39.0,489.0,0
27.0,515.0,0
21.0,536.0,0
16.0,404.0,0
27.0,284.0,0
31.0,561.0,2
24.0,366.0,0
29.0,518.0,0
29.0,539.0,1
13.0,404.0,0
11.0,266.0,0
27.0,600.0,1
15.0,349.0,0
20.0,312.0,0
23.0,317.0,0
36.0,557.0,0
28.0,840.0,0
48.0,448.0,0
26.0,358.0,0
30.0,718.0,0
41.0,612.0,0
38.0,248.0,1
12.0,473.0,0
44.0,756.0,0
26.0,492.0,0
45.0,204.0,1
10.0,570.0,0
10.0,427.0,0
36.0,771.0,0
23.0,208.0,0
12.0,625.0,0
11.0,219.0,0
10.0,502.0,0
14.0,306.0,0
16.0,368.0,0
11.0,361.0,0
11.0,630.0,0
14.0,394.0,0
16.0,697.0,0
10.0,347.0,0
15.0,557.0,0
10.0,421.0,0
18.0,305.0,1
24.0,680.0,1
13.0,483.0,0
10.0,528.0,0
15.0,293.0,0
10.0,273.0,0
10.0,446.0,0
30.0,423.0,0
25.0,427.0,0
21.0,367.0,0
28.0,465.0,0
35.0,650.0,0
11.0,466.0,0
15.0,698.0,0
31.0,357.0,0
21.0,572.0,0
38.0,303.0,0
41.0,341.0,0
10.0,539.0,0
33.0,300.0,0
10.0,243.0,0
10.0,569.0,0
10.0,538.0,0
7.0,375.0,0
12.0,855.0,0
19.0,515.0,0
38.0,443.0,1
26.0,320.0,0
10.0,446.0,0
14.0,249.0,0
5.0,314.0,0
22.0,328.0,0
25.0,322.0,0
21.0,284.0,0
22.0,289.0,0
29.0,305.0,0
21.0,240.0,0
18.0,667.0,0
16.0,254.0,0
27.0,546.0,0
27.0,249.0,0
39.0,277.0,0
24.0,306.0,0
23.0,344.0,0
12.0,336.0,0
17.0,347.0,0
27.0,626.0,0
29.0,459.0,0
13.0,389.0,0
18.0,331.0,0
14.0,265.0,0
39.0,248.0,0
35.0,201.0,0
37.0,465.0,0
31.0,308.0,0
17.0,435.0,0
17.0,647.0,0
20.0,851.0,0
32.0,519.0,0
31.0,428.0,0
30.0,504.0,0
53.0,1559.0,0
12.0,433.0,0
26.0,354.0,0
30.0,419.0,0
39.0,1419.0,0
15.0,426.0,0
25.0,355.0,0
30.0,615.0,0
23.0,601.0,0
38.0,1908.0,0
23.0,913.0,0
21.0,288.0,0
17.0,542.0,0
14.0,750.0,0
40.0,1251.0,0
42.0,312.0,0
32.0,343.0,0
25.0,416.0,1
13.0,281.0,0
29.0,593.0,0
22.0,610.0,1
28.0,451.0,0
47.0,962.0,1
22.0,331.0,0
19.0,339.0,0
44.0,1426.0,4
40.0,538.0,1
11.0,343.0,1
48.0,739.0,2
23.0,206.0,0
16.0,342.0,0
36.0,255.0,0
10.0,667.0,0
21.0,275.0,0
15.0,360.0,0
10.0,688.0,0
26.0,352.0,0
27.0,353.0,0
25.0,392.0,0
19.0,470.0,0
20.0,490.0,0
26.0,369.0,0
44.0,544.0,0
31.0,638.0,0
13.0,482.0,0
22.0,286.0,0
45.0,628.0,2
38.0,359.0,0
28.0,352.0,0
32.0,207.0,0
27.0,487.0,0
24.0,549.0,0
20.0,382.0,0
25.0,403.0,0
19.0,488.0,0
22.0,344.0,0
37.0,534.0,0
32.0,301.0,0
16.0,774.0,0
30.0,604.0,0
28.0,547.0,0
28.0,462.0,0
10.0,321.0,0
33.0,250.0,0
34.0,414.0,0
25.0,467.0,0
35.0,444.0,0
18.0,444.0,0
40.0,555.0,1
31.0,401.0,1
21.0,434.0,0
20.0,265.0,0
26.0,346.0,0
12.0,312.0,0
40.0,476.0,0
10.0,331.0,0
49.0,600.0,0
34.0,233.0,0
29.0,246.0,0
48.0,302.0,0
20.0,479.0,0
31.0,358.0,0
42.0,925.0,0
13.0,388.0,0
43.0,314.0,0
31.0,344.0,0
25.0,310.0,0
14.0,464.0,0
41.0,300.0,0
25.0,407.0,0
24.0,338.0,0
51.0,2554.0,0
24.0,446.0,0
45.0,702.0,0
31.0,373.0,0
20.0,248.0,0
10.0,386.0,0
25.0,562.0,1
31.0,384.0,0
21.0,551.0,0
10.0,571.0,0
45.0,445.0,1
30.0,338.0,0
19.0,555.0,0
25.0,575.0,0
27.0,481.0,0
10.0,424.0,0
31.0,266.0,0
10.0,322.0,0
28.0,350.0,0
30.0,339.0,0
19.0,409.0,0
25.0,350.0,0
28.0,274.0,0
17.0,516.0,0
44.0,423.0,0
15.0,258.0,0
31.0,358.0,0
17.0,355.0,0
27.0,340.0,0
30.0,577.0,0
25.0,392.0,0
21.0,458.0,0
28.0,442.0,0
27.0,351.0,0
28.0,415.0,0
38.0,135.0,0
37.0,423.0,0
28.0,274.0,0
33.0,426.0,0
28.0,248.0,0
28.0,252.0,0
31.0,479.0,1
27.0,392.0,0
26.0,469.0,0
34.0,616.0,0
35.0,305.0,0
29.0,452.0,1
34.0,551.0,1
12.0,775.0,0
61.0,677.0,2
15.0,539.0,0
33.0,544.0,0
28.0,394.0,0
25.0,258.0,0
10.0,394.0,0
19.0,256.0,0
19.0,363.0,0
18.0,245.0,0
37.0,748.0,0
45.0,554.0,0
50.0,511.0,2
27.0,320.0,0
28.0,482.0,0
27.0,263.0,0
15.0,358.0,0
33.0,361.0,0
37.0,297.0,0
21.0,417.0,0
37.0,413.0,0
25.0,340.0,0
60.0,792.0,0
22.0,351.0,0
34.0,398.0,0
10.0,798.0,0
10.0,519.0,0
45.0,659.0,1
22.0,315.0,0
33.0,154.0,0
35.0,343.0,0
23.0,441.0,0
45.0,662.0,7
50.0,760.0,3
52.0,1048.0,0
40.0,808.0,4
33.0,395.0,0
32.0,451.0,0
35.0,576.0,0
30.0,459.0,0
45.0,1370.0,3
35.0,441.0,0
35.0,702.0,1
15.0,767.0,0
35.0,337.0,0
33.0,777.0,0
41.0,526.0,2
26.0,449.0,1
31.0,245.0,0
19.0,397.0,0
52.0,520.0,0
43.0,457.0,1
35.0,422.0,1
29.0,772.0,0
21.0,387.0,0
16.0,299.0,0
20.0,527.0,0
12.0,552.0,0
22.0,808.0,0
15.0,319.0,0
46.0,553.0,1
44.0,732.0,0
17.0,383.0,0
56.0,887.0,0
33.0,334.0,0
38.0,599.0,0
30.0,414.0,0
43.0,605.0,0
20.0,521.0,0
38.0,814.0,0
38.0,660.0,0
26.0,455.0,0
45.0,520.0,0
18.0,600.0,0
25.0,261.0,0
26.0,884.0,0
43.0,900.0,1
48.0,767.0,0
27.0,341.0,0
31.0,388.0,0
13.0,635.0,0
23.0,282.0,0
26.0,337.0,0
45.0,428.0,0
21.0,828.0,0
27.0,353.0,0
36.0,616.0,0
30.0,868.0,0
33.0,448.0,0
36.0,409.0,0
32.0,457.0,0
23.0,379.0,0
40.0,428.0,0
29.0,318.0,0
10.0,488.0,0
10.0,368.0,0
43.0,665.0,0
24.0,473.0,0
20.0,612.0,0
18.0,407.0,0
34.0,407.0,0
44.0,530.0,0
36.0,346.0,0
35.0,573.0,0
26.0,714.0,0
36.0,588.0,0
31.0,709.0,0
39.0,411.0,0
27.0,311.0,0
36.0,970.0,1
29.0,808.0,0
24.0,1008.0,0
32.0,470.0,0
48.0,1397.0,0
40.0,458.0,0
29.0,377.0,0
37.0,670.0,0
47.0,740.0,0
26.0,436.0,0
25.0,556.0,0
26.0,411.0,0
34.0,886.0,0
14.0,1304.0,0
10.0,1013.0,0
39.0,418.0,0
31.0,387.0,0
30.0,1300.0,0
32.0,292.0,0
26.0,314.0,0
22.0,1121.0,0
31.0,226.0,2
27.0,379.0,0
32.0,292.0,0
36.0,417.0,0
24.0,373.0,0
22.0,731.0,0
35.0,1224.0,0
19.0,470.0,0
42.0,300.0,2
15.0,218.0,0
28.0,232.0,0
24.0,316.0,0
24.0,574.0,0
40.0,617.0,1
15.0,267.0,0
15.0,325.0,0
36.0,1007.0,0
28.0,386.0,0
30.0,1197.0,0
39.0,440.0,1
38.0,573.0,0
43.0,401.0,0
43.0,755.0,0
50.0,901.0,0
34.0,577.0,0
22.0,791.0,0
23.0,987.0,0
28.0,778.0,0
30.0,738.0,0
37.0,603.0,0
35.0,649.0,0
30.0,277.0,0
27.0,524.0,0
10.0,610.0,0
27.0,447.0,0
23.0,362.0,0
23.0,658.0,0
17.0,1038.0,0
21.0,586.0,0
34.0,534.0,0
19.0,456.0,0
28.0,335.0,0
18.0,541.0,0
34.0,589.0,0
31.0,359.0,0
26.0,335.0,0
19.0,489.0,0
31.0,390.0,0
26.0,483.0,0
22.0,875.0,0
33.0,569.0,0
35.0,460.0,0
26.0,379.0,0
18.0,266.0,0
20.0,754.0,0
42.0,244.0,0
50.0,503.0,0
14.0,461.0,0
37.0,708.0,0
33.0,465.0,0
38.0,789.0,0
33.0,696.0,0
48.0,1014.0,0
34.0,929.0,0
33.0,390.0,0
27.0,309.0,0
10.0,251.0,0
41.0,330.0,0
25.0,445.0,0
44.0,821.0,0
20.0,382.0,0
12.0,233.0,0
17.0,370.0,0
17.0,1040.0,0
24.0,319.0,0
18.0,312.0,0
20.0,808.0,0
22.0,315.0,0
44.0,549.0,1
25.0,581.0,0
28.0,396.0,1
16.0,681.0,0
26.0,515.0,0
54.0,836.0,0
24.0,292.0,0
18.0,457.0,0
27.0,926.0,0
38.0,261.0,0
17.0,452.0,0
24.0,467.0,0
36.0,538.0,0
39.0,254.0,0
10.0,406.0,0
46.0,1244.0,2
35.0,559.0,0
15.0,449.0,0
13.0,918.0,0
27.0,569.0,0
10.0,312.0,0
56.0,830.0,0
10.0,516.0,0
13.0,575.0,0
15.0,352.0,0
21.0,273.0,0
11.0,304.0,0
11.0,326.0,0
14.0,330.0,0
17.0,306.0,0
12.0,268.0,0
23.0,326.0,0
36.0,361.0,0
10.0,562.0,0
27.0,615.0,0
31.0,876.0,0
10.0,386.0,0
16.0,725.0,0
23.0,348.0,0
10.0,809.0,1
23.0,531.0,0
15.0,484.0,1
15.0,442.0,0
24.0,368.0,0
10.0,602.0,0
39.0,345.0,0
10.0,692.0,0
23.0,342.0,0
18.0,574.0,0
22.0,407.0,0
26.0,306.0,0
51.0,950.0,0
29.0,671.0,0
45.0,278.0,2
27.0,285.0,0
31.0,322.0,0
17.0,582.0,0
17.0,970.0,0
21.0,294.0,2
25.0,343.0,0
33.0,657.0,0
34.0,235.0,0
33.0,1104.0,0
47.0,813.0,0
22.0,391.0,0
10.0,364.0,0
18.0,797.0,0
11.0,345.0,0
30.0,247.0,1
28.0,832.0,0
18.0,537.0,0
16.0,491.0,0
33.0,498.0,0
27.0,299.0,0
42.0,514.0,0
26.0,543.0,0
16.0,395.0,0
36.0,284.0,0
10.0,425.0,0
20.0,465.0,0
11.0,446.0,0
11.0,593.0,0
28.0,436.0,0
27.0,1289.0,0
21.0,316.0,0
47.0,735.0,2
39.0,1080.0,0
33.0,372.0,0
24.0,1258.0,0
25.0,401.0,0
14.0,1276.0,0
35.0,846.0,0
17.0,988.0,0
37.0,363.0,0
19.0,351.0,0
26.0,298.0,0
18.0,591.0,0
10.0,454.0,0
10.0,321.0,0
11.0,379.0,0
41.0,539.0,1
10.0,509.0,0
10.0,515.0,0
15.0,490.0,0
16.0,423.0,0
10.0,370.0,0
31.0,518.0,0
38.0,405.0,0
32.0,577.0,0
33.0,326.0,0
25.0,714.0,0
10.0,346.0,0
27.0,801.0,0
35.0,483.0,0
10.0,551.0,0
10.0,761.0,0
17.0,272.0,0
15.0,469.0,0
22.0,1479.0,0
25.0,950.0,2
45.0,1355.0,2
35.0,385.0,0
21.0,373.0,0
14.0,632.0,0
31.0,1361.0,0
47.0,1380.0,0
45.0,1582.0,0
34.0,952.0,0
24.0,859.0,0
15.0,409.0,0
30.0,537.0,0
43.0,357.0,0
36.0,298.0,0
27.0,765.0,0
33.0,729.0,0
15.0,726.0,0
19.0,616.0,0
13.0,647.0,0
19.0,456.0,0
26.0,781.0,0
10.0,255.0,0
17.0,684.0,0
31.0,316.0,0
10.0,562.0,0
10.0,588.0,0
20.0,630.0,0
10.0,324.0,0
20.0,769.0,0
10.0,629.0,0
59.0,552.0,0
18.0,711.0,0
10.0,498.0,0
17.0,518.0,0
40.0,356.0,0
11.0,832.0,0
20.0,258.0,0
45.0,367.0,0
14.0,531.0,0
29.0,1038.0,0
18.0,393.0,0
14.0,545.0,0
18.0,749.0,0
12.0,293.0,0
17.0,579.0,0
14.0,1024.0,0
29.0,263.0,0
28.0,261.0,0
25.0,395.0,0
27.0,475.0,0
15.0,249.0,0
52.0,475.0,0
14.0,391.0,0
10.0,934.0,0
39.0,912.0,0
34.0,364.0,0
25.0,595.0,0
17.0,335.0,0
20.0,776.0,0
15.0,406.0,0
15.0,893.0,0
19.0,685.0,0
10.0,344.0,0
12.0,358.0,0
18.0,560.0,0
19.0,246.0,0
19.0,576.0,1
17.0,542.0,0
22.0,525.0,0
26.0,679.0,1
27.0,387.0,0
18.0,348.0,0
15.0,379.0,0
23.0,418.0,0
40.0,817.0,1
32.0,301.0,0
38.0,707.0,0
37.0,658.0,0
24.0,413.0,0
35.0,625.0,0
43.0,584.0,1
23.0,637.0,1
49.0,767.0,0
49.0,1313.0,2
18.0,790.0,0
10.0,333.0,0
26.0,597.0,0
47.0,878.0,0
34.0,834.0,0
10.0,263.0,0
20.0,573.0,0
28.0,389.0,0
10.0,530.0,0
35.0,498.0,0
29.0,293.0,0
18.0,259.0,0
22.0,462.0,0
13.0,474.0,0
23.0,432.0,0
30.0,419.0,0
31.0,368.0,0
14.0,253.0,0
14.0,380.0,0
38.0,436.0,0
28.0,790.0,0
38.0,768.0,0
42.0,480.0,0
40.0,1372.0,3
11.0,523.0,0
13.0,363.0,0
22.0,349.0,0
37.0,1148.0,0
23.0,880.0,0
11.0,774.0,0
45.0,256.0,0
12.0,1149.0,0
30.0,949.0,0
17.0,646.0,0
16.0,423.0,0
10.0,1094.0,0
10.0,1330.0,0
10.0,928.0,0
10.0,1043.0,0
14.0,637.0,0
27.0,645.0,0
35.0,492.0,0
21.0,400.0,0
55.0,1264.0,0
22.0,390.0,0
10.0,703.0,0
14.0,635.0,0
18.0,729.0,0
16.0,786.0,0
10.0,334.0,0
17.0,476.0,0
22.0,486.0,0
37.0,763.0,1
28.0,294.0,0
13.0,378.0,0
18.0,366.0,0
34.0,637.0,0
18.0,268.0,0
60.0,1377.0,0
45.0,767.0,0
25.0,642.0,0
17.0,723.0,0
17.0,355.0,0
22.0,304.0,0
29.0,344.0,0
39.0,421.0,0
16.0,796.0,0
25.0,264.0,1
22.0,530.0,0
30.0,354.0,0
17.0,287.0,0
19.0,429.0,0
10.0,374.0,0
26.0,311.0,0
19.0,472.0,0
35.0,489.0,0
14.0,412.0,0
45.0,732.0,0
30.0,286.0,0
39.0,293.0,0
28.0,274.0,0
39.0,187.0,0
29.0,253.0,0
39.0,248.0,0
34.0,892.0,0
32.0,324.0,0
10.0,515.0,0
10.0,513.0,0
24.0,283.0,0
25.0,326.0,0
31.0,251.0,0
25.0,286.0,0
36.0,265.0,0
38.0,317.0,0
21.0,1236.0,0
41.0,656.0,0
36.0,1750.0,0
45.0,706.0,0
32.0,1052.0,0
31.0,384.0,0
34.0,772.0,0
13.0,425.0,0
39.0,253.0,0
36.0,232.0,0
32.0,704.0,0
26.0,420.0,0
22.0,1085.0,1
14.0,481.0,1
12.0,267.0,0
37.0,281.0,0
10.0,550.0,0
43.0,246.0,0
42.0,455.0,0
18.0,712.0,0
23.0,541.0,0
10.0,674.0,0
20.0,905.0,0
13.0,675.0,0
14.0,826.0,0
40.0,671.0,1
15.0,366.0,4
23.0,780.0,4
21.0,337.0,0
10.0,591.0,0
29.0,1192.0,0
48.0,468.0,1
33.0,519.0,0
25.0,877.0,0
34.0,1090.0,2
39.0,797.0,0
22.0,817.0,0
21.0,403.0,0
10.0,760.0,0
32.0,262.0,0
31.0,300.0,0
37.0,282.0,0
40.0,249.0,0
44.0,283.0,0
45.0,349.0,0
39.0,582.0,0
39.0,367.0,0
33.0,341.0,0
26.0,941.0,0
40.0,354.0,2
16.0,354.0,0
10.0,348.0,0
16.0,269.0,0
10.0,1028.0,0
10.0,1116.0,0
29.0,579.0,0
13.0,1142.0,0
10.0,767.0,0
44.0,268.0,1
34.0,365.0,1
25.0,206.0,0
23.0,329.0,0
45.0,228.0,0
42.0,252.0,0
24.0,383.0,0
46.0,254.0,0
10.0,502.0,0
32.0,436.0,0
32.0,475.0,0
28.0,542.0,0
22.0,350.0,0
23.0,290.0,0
34.0,249.0,0
37.0,321.0,0
20.0,540.0,0
20.0,623.0,0
10.0,760.0,0
37.0,293.0,0
26.0,593.0,0
22.0,388.0,0
26.0,532.0,0
13.0,514.0,0
29.0,593.0,0
22.0,302.0,0
21.0,325.0,0
23.0,297.0,0
19.0,313.0,0
37.0,308.0,0
26.0,365.0,0
39.0,243.0,0
17.0,766.0,0
20.0,337.0,0
13.0,640.0,0
22.0,576.0,0
35.0,315.0,0
43.0,524.0,0
31.0,465.0,0
22.0,432.0,0
46.0,295.0,0
10.0,306.0,0
16.0,930.0,0
24.0,216.0,0
43.0,212.0,0
10.0,288.0,0
51.0,417.0,0
10.0,309.0,0
35.0,819.0,0
20.0,292.0,0
37.0,429.0,0
18.0,380.0,1
10.0,821.0,0
15.0,768.0,0
28.0,382.0,0
14.0,134.0,0
22.0,394.0,1
31.0,323.0,0
16.0,844.0,0
19.0,489.0,0
22.0,361.0,0
44.0,321.0,1
10.0,615.0,0
15.0,536.0,0
47.0,259.0,0
23.0,433.0,0
36.0,214.0,0
22.0,505.0,0
10.0,615.0,0
21.0,259.0,0
21.0,292.0,0
20.0,307.0,1
23.0,310.0,0
10.0,678.0,0
38.0,488.0,1
41.0,440.0,0
30.0,324.0,0
19.0,350.0,0
20.0,371.0,0
17.0,404.0,0
10.0,357.0,0
12.0,941.0,0
13.0,479.0,0
18.0,420.0,0
27.0,416.0,0
20.0,549.0,0
21.0,457.0,0
15.0,404.0,0
28.0,282.0,0
17.0,494.0,0
38.0,753.0,0
18.0,513.0,0
12.0,234.0,0
20.0,281.0,0
33.0,497.0,0
19.0,1123.0,0
60.0,385.0,0
26.0,627.0,2
14.0,379.0,0
29.0,293.0,0
44.0,331.0,0
20.0,541.0,0
19.0,306.0,0
10.0,916.0,0
12.0,775.0,0
23.0,304.0,0
40.0,238.0,0
27.0,291.0,0
16.0,269.0,0
18.0,261.0,0
13.0,908.0,0
12.0,754.0,0
40.0,406.0,0
10.0,398.0,0
24.0,509.0,0
34.0,501.0,0
40.0,315.0,0
17.0,415.0,0
28.0,306.0,0
13.0,774.0,0
34.0,253.0,0
31.0,360.0,0
25.0,282.0,0
18.0,337.0,0
26.0,256.0,0
30.0,432.0,0
41.0,280.0,0
22.0,339.0,0
25.0,365.0,0
10.0,507.0,0
36.0,220.0,0
10.0,638.0,0
30.0,313.0,0
37.0,683.0,0
16.0,483.0,0
28.0,356.0,0
10.0,339.0,0
20.0,551.0,0
16.0,283.0,0
17.0,296.0,0
26.0,241.0,0
34.0,312.0,0
16.0,304.0,0
30.0,552.0,0
11.0,430.0,0
24.0,245.0,0
24.0,250.0,0
11.0,757.0,0
40.0,525.0,0
24.0,377.0,0
26.0,457.0,0
24.0,667.0,0
16.0,247.0,0
25.0,301.0,0
26.0,262.0,0
35.0,311.0,0
36.0,220.0,0
10.0,1386.0,0
45.0,1091.0,0
30.0,1306.0,1
13.0,624.0,0
25.0,400.0,0
15.0,425.0,0
10.0,834.0,0
12.0,431.0,0
10.0,540.0,0
17.0,436.0,0
16.0,401.0,0
28.0,508.0,0
16.0,545.0,0
16.0,216.0,0
10.0,401.0,0
20.0,295.0,0
25.0,443.0,0
29.0,273.0,0
24.0,254.0,0
18.0,305.0,0
33.0,516.0,0
19.0,1468.0,0
28.0,248.0,0
10.0,837.0,0
33.0,605.0,0
10.0,1153.0,0
12.0,302.0,0
25.0,416.0,0
24.0,345.0,0
43.0,734.0,0
58.0,1090.0,0
10.0,431.0,0
14.0,430.0,0
14.0,482.0,0
25.0,714.0,0
10.0,993.0,0
31.0,557.0,0
16.0,1131.0,0
18.0,757.0,0
10.0,326.0,0
16.0,326.0,0
22.0,336.0,0
14.0,366.0,0
10.0,769.0,0
45.0,1297.0,0
45.0,568.0,0
21.0,332.0,0
23.0,693.0,0
26.0,251.0,0
20.0,819.0,0
18.0,650.0,0
19.0,375.0,0
10.0,331.0,0
12.0,268.0,0
15.0,662.0,0
27.0,235.0,0
30.0,259.0,0
24.0,322.0,0
22.0,498.0,0
30.0,340.0,0
22.0,199.0,0
37.0,1006.0,0
26.0,888.0,0
16.0,243.0,0
32.0,430.0,0
39.0,882.0,0
31.0,302.0,0
10.0,356.0,0
22.0,351.0,0
44.0,1009.0,0
43.0,1059.0,0
41.0,280.0,0
25.0,1153.0,0
24.0,1336.0,0
12.0,446.0,0
12.0,399.0,0
12.0,441.0,0
19.0,1256.0,0
42.0,479.0,0
21.0,805.0,0
15.0,1273.0,0
34.0,374.0,0
23.0,269.0,0
28.0,452.0,0
36.0,839.0,0
39.0,460.0,0
22.0,678.0,0
10.0,687.0,0
15.0,444.0,0
14.0,429.0,0
33.0,635.0,0
38.0,588.0,0
24.0,451.0,0
17.0,379.0,0
27.0,486.0,0
14.0,336.0,0
15.0,471.0,0
17.0,547.0,0
30.0,363.0,0
25.0,385.0,0
12.0,461.0,0
13.0,298.0,0
31.0,496.0,0
17.0,404.0,0
45.0,304.0,0
10.0,289.0,0
27.0,1055.0,2
21.0,543.0,0
32.0,703.0,0
10.0,924.0,0
10.0,336.0,0
40.0,403.0,0
21.0,338.0,0
17.0,352.0,0
36.0,656.0,0
22.0,639.0,0
51.0,311.0,0
10.0,329.0,0
11.0,506.0,0
29.0,906.0,0
17.0,693.0,0
10.0,683.0,0
19.0,697.0,0
13.0,429.0,0
19.0,386.0,0
18.0,473.0,0
13.0,289.0,0
37.0,291.0,0
13.0,711.0,0
12.0,1051.0,0
34.0,438.0,0
19.0,302.0,0
10.0,354.0,0
17.0,295.0,0
15.0,304.0,0
22.0,770.0,0
32.0,452.0,2
14.0,527.0,0
23.0,421.0,0
26.0,211.0,0
23.0,235.0,0
10.0,584.0,0
22.0,395.0,0
50.0,503.0,0
29.0,255.0,0
32.0,348.0,0
12.0,406.0,0
31.0,726.0,0
53.0,1035.0,0
20.0,827.0,0
16.0,355.0,0
26.0,249.0,0
12.0,968.0,0
13.0,250.0,0
17.0,512.0,0
32.0,368.0,0
15.0,559.0,0
26.0,394.0,0
27.0,237.0,0
25.0,427.0,0
23.0,287.0,0
10.0,892.0,0
25.0,535.0,0
16.0,474.0,0
13.0,245.0,0
30.0,271.0,0
34.0,334.0,0
13.0,338.0,0
37.0,330.0,1
18.0,255.0,0
27.0,264.0,0
36.0,522.0,0
19.0,628.0,0
10.0,943.0,0
10.0,654.0,0
21.0,440.0,0
10.0,615.0,0
25.0,694.0,0
23.0,607.0,0
25.0,653.0,0
11.0,883.0,0
31.0,1004.0,0
26.0,521.0,0
21.0,700.0,0
20.0,1214.0,0
12.0,711.0,0
19.0,1100.0,0
25.0,869.0,0
45.0,1148.0,0
20.0,908.0,0
45.0,460.0,0
32.0,645.0,0
12.0,531.0,0
16.0,529.0,0
47.0,766.0,0
26.0,1181.0,0
18.0,645.0,0
17.0,297.0,0
25.0,496.0,0
11.0,316.0,0
48.0,326.0,0
29.0,1024.0,1
46.0,628.0,1
24.0,371.0,0
14.0,804.0,0
26.0,549.0,0
45.0,364.0,0
35.0,281.0,0
10.0,906.0,0
10.0,788.0,0
50.0,864.0,0
33.0,664.0,0
26.0,826.0,0
10.0,381.0,0
21.0,260.0,0
35.0,1052.0,0
37.0,806.0,1
24.0,684.0,1
16.0,323.0,0
16.0,630.0,0
10.0,480.0,0
10.0,717.0,0
10.0,591.0,0
18.0,353.0,0
22.0,340.0,0
10.0,346.0,0
30.0,634.0,0
31.0,713.0,0
20.0,425.0,0
24.0,931.0,0
28.0,846.0,0
34.0,508.0,0
20.0,575.0,0
46.0,1016.0,0
24.0,221.0,0
17.0,932.0,0
11.0,945.0,0
31.0,563.0,0
11.0,655.0,0
31.0,371.0,0
10.0,369.0,0
26.0,312.0,0
29.0,570.0,0
10.0,389.0,0
13.0,410.0,0
19.0,368.0,0
17.0,365.0,0
16.0,349.0,0
35.0,820.0,0
26.0,556.0,0
30.0,547.0,0
26.0,237.0,0
24.0,677.0,0
22.0,270.0,0
39.0,260.0,0
41.0,814.0,0
37.0,478.0,0
45.0,282.0,0
40.0,705.0,0
12.0,643.0,0
33.0,273.0,0
13.0,768.0,0
25.0,539.0,0
49.0,1077.0,0
35.0,386.0,0
16.0,1000.0,0
22.0,851.0,0
29.0,321.0,0
10.0,1193.0,0
22.0,656.0,0
18.0,530.0,0
50.0,1261.0,0
23.0,356.0,0
33.0,475.0,0
37.0,443.0,0
15.0,859.0,0
33.0,349.0,0
11.0,583.0,0
17.0,931.0,0
19.0,262.0,0
10.0,689.0,0
15.0,949.0,0
27.0,483.0,0
18.0,844.0,0
23.0,419.0,0
16.0,870.0,0
10.0,539.0,0
26.0,673.0,0
26.0,1075.0,0
25.0,525.0,0
24.0,560.0,0
10.0,440.0,0
18.0,608.0,0
31.0,320.0,0
45.0,443.0,1
17.0,552.0,0
26.0,336.0,0
25.0,562.0,0
30.0,332.0,0
22.0,484.0,0
30.0,295.0,0
35.0,254.0,0
27.0,325.0,0
40.0,393.0,0
23.0,826.0,0
21.0,738.0,0
15.0,448.0,0
45.0,434.0,0
34.0,1888.0,2
38.0,1270.0,0
14.0,455.0,0
18.0,430.0,0
40.0,445.0,0
16.0,697.0,0
25.0,389.0,0
27.0,671.0,0
22.0,327.0,0
24.0,645.0,0
39.0,382.0,0
41.0,624.0,0
17.0,480.0,0
39.0,251.0,0
36.0,1577.0,0
32.0,696.0,0
22.0,540.0,0
45.0,1487.0,2
45.0,992.0,0
33.0,563.0,0
15.0,756.0,0
42.0,273.0,0
28.0,535.0,0
48.0,584.0,0
25.0,298.0,0
27.0,349.0,0
29.0,279.0,0
30.0,403.0,0
38.0,400.0,0
22.0,463.0,1
44.0,800.0,0
32.0,469.0,0
25.0,310.0,0
25.0,382.0,0
31.0,516.0,0
33.0,367.0,0
15.0,399.0,0
36.0,524.0,1
21.0,462.0,0
19.0,454.0,0
30.0,244.0,0
47.0,928.0,0
41.0,586.0,0
13.0,706.0,0
41.0,1276.0,4
27.0,367.0,0
19.0,561.0,0
19.0,483.0,0
16.0,491.0,0
58.0,920.0,10
23.0,371.0,0
32.0,339.0,0
29.0,332.0,0
24.0,310.0,0
26.0,381.0,0
21.0,341.0,0
16.0,656.0,0
18.0,542.0,1
43.0,262.0,0
22.0,438.0,0
21.0,287.0,0
28.0,346.0,0
35.0,264.0,0
35.0,310.0,0
17.0,653.0,0
30.0,479.0,0
16.0,492.0,0
18.0,448.0,0
20.0,409.0,0
32.0,282.0,0
31.0,310.0,0
29.0,673.0,0
22.0,378.0,0
36.0,700.0,3
13.0,1576.0,0
10.0,484.0,0
45.0,894.0,0
35.0,488.0,0
25.0,582.0,0
21.0,393.0,0
28.0,341.0,0
35.0,970.0,0
31.0,308.0,0
42.0,600.0,0
17.0,398.0,0
15.0,638.0,0
40.0,803.0,0
14.0,1182.0,0
32.0,220.0,0
13.0,1062.0,0
10.0,749.0,0
20.0,955.0,0
52.0,1382.0,0
45.0,1559.0,0
33.0,1248.0,0
25.0,1142.0,0
34.0,944.0,0
15.0,1170.0,0
30.0,654.0,0
46.0,515.0,2
18.0,694.0,0
35.0,639.0,0
48.0,673.0,0
27.0,793.0,2
27.0,663.0,0
50.0,2127.0,5
39.0,750.0,2
23.0,610.0,0
24.0,465.0,0
10.0,539.0,0
19.0,391.0,0
24.0,557.0,0
32.0,609.0,0
19.0,506.0,0
24.0,452.0,0
19.0,745.0,0
20.0,663.0,0
32.0,351.0,0
31.0,606.0,0
28.0,354.0,0
12.0,1017.0,0
32.0,623.0,0
31.0,417.0,1
36.0,523.0,0
45.0,399.0,0
45.0,762.0,0
27.0,496.0,0
32.0,364.0,0
33.0,327.0,0
49.0,361.0,0
38.0,471.0,0
10.0,571.0,0
28.0,550.0,2
45.0,779.0,0
45.0,749.0,2
31.0,481.0,0
20.0,608.0,0
30.0,279.0,0
37.0,373.0,0
32.0,560.0,0
19.0,587.0,0
34.0,542.0,0
20.0,422.0,0
18.0,518.0,0
19.0,446.0,0
31.0,252.0,0
20.0,561.0,0
14.0,253.0,0
13.0,757.0,0
37.0,567.0,0
39.0,393.0,0
21.0,420.0,0
43.0,195.0,0
12.0,308.0,0
37.0,317.0,0
45.0,520.0,0
40.0,309.0,0
25.0,391.0,0
45.0,819.0,0
41.0,548.0,0
33.0,454.0,0
50.0,989.0,0
24.0,1011.0,0
45.0,683.0,0
29.0,553.0,0
12.0,565.0,0
10.0,443.0,0
13.0,384.0,0
19.0,865.0,0
45.0,522.0,0
18.0,320.0,0
10.0,382.0,0
27.0,423.0,0
15.0,544.0,0
12.0,572.0,0
19.0,580.0,0
25.0,430.0,0
20.0,634.0,0
15.0,704.0,0
28.0,507.0,0
21.0,518.0,0
19.0,758.0,0
31.0,449.0,0
25.0,473.0,0
26.0,431.0,0
24.0,539.0,0
37.0,516.0,0
25.0,579.0,0
28.0,717.0,0
31.0,533.0,0
22.0,621.0,0
28.0,370.0,0
35.0,564.0,0
21.0,301.0,0
41.0,390.0,0
34.0,359.0,0
33.0,253.0,0
23.0,546.0,0
34.0,436.0,0
18.0,436.0,0
26.0,706.0,0
30.0,485.0,0
28.0,538.0,0
45.0,655.0,0
31.0,524.0,0
27.0,292.0,0
17.0,320.0,0
14.0,418.0,0
22.0,406.0,0
15.0,365.0,0
10.0,365.0,0
27.0,369.0,0
42.0,560.0,0
20.0,316.0,0
29.0,298.0,0
21.0,268.0,0
11.0,455.0,0
10.0,432.0,0
35.0,311.0,0
36.0,372.0,0
23.0,362.0,0
18.0,529.0,1
21.0,436.0,0
36.0,333.0,0
26.0,390.0,0
13.0,1076.0,0
28.0,784.0,0
31.0,623.0,0
19.0,465.0,0
45.0,317.0,0
17.0,297.0,0
27.0,656.0,0
28.0,386.0,0
19.0,479.0,0
29.0,472.0,0
21.0,281.0,0
34.0,474.0,0
12.0,371.0,0
25.0,237.0,0
27.0,495.0,0
17.0,656.0,0
29.0,399.0,0
34.0,296.0,0
25.0,681.0,0
23.0,804.0,0
43.0,1204.0,9
36.0,316.0,0
31.0,441.0,0
13.0,435.0,0
30.0,289.0,0
31.0,463.0,0
18.0,492.0,0
10.0,427.0,0
21.0,372.0,0
44.0,583.0,0
35.0,338.0,0
23.0,875.0,0
11.0,628.0,0
19.0,575.0,0
42.0,468.0,0
35.0,487.0,0
22.0,393.0,0
26.0,364.0,0
39.0,345.0,0
25.0,393.0,0
49.0,464.0,0
42.0,774.0,0
25.0,552.0,0
17.0,525.0,0
32.0,401.0,0
27.0,560.0,0
32.0,566.0,0
35.0,432.0,0
21.0,488.0,0
28.0,274.0,0
34.0,339.0,0
10.0,740.0,0
14.0,870.0,0
20.0,418.0,0
37.0,974.0,0
35.0,706.0,0
25.0,592.0,0
15.0,542.0,0
28.0,638.0,0
33.0,437.0,0
29.0,565.0,0
18.0,521.0,0
45.0,934.0,0
14.0,776.0,0
10.0,505.0,0
28.0,396.0,0
48.0,486.0,0
17.0,275.0,0
27.0,301.0,0
45.0,831.0,0
51.0,858.0,0
36.0,310.0,0
16.0,354.0,0
30.0,247.0,0
39.0,790.0,0
37.0,955.0,0
43.0,648.0,0
31.0,461.0,0
39.0,455.0,0
42.0,574.0,0
25.0,1008.0,0
37.0,481.0,0
54.0,401.0,0
44.0,1494.0,3
54.0,430.0,0
37.0,331.0,0
25.0,386.0,0
44.0,376.0,0
