latitude,longitude,halfAngle,target
7.0,8.0,26.0,C
17.0,117.0,30.0,C
-13.0,-80.0,20.0,C
-4.0,35.0,23.0,C
-15.0,126.0,20.0,S
-19.0,-71.0,21.0,S
12.0,-68.0,48.0,C
7.0,-22.0,48.0,C
15.0,-30.0,60.0,O
0.0,1.0,40.0,C
40.0,-145.0,35.0,C
13.0,41.0,20.0,S
14.0,-37.0,38.0,C
11.0,58.0,40.0,C
28.0,35.0,30.0,C
-30.0,97.0,40.0,O
-40.0,67.0,30.0,C
-35.0,145.0,28.0,O
3.0,20.0,50.0,S
8.0,96.0,45.0,C
20.0,-20.0,35.0,S
22.0,-67.0,30.0,C
42.0,144.0,25.0,S
20.0,-10.0,30.0,S
41.0,76.0,32.0,C
-1.0,-13.0,35.0,S
19.0,27.0,28.0,S
32.0,-144.0,30.0,S
45.0,10.0,27.0,S
-13.0,49.0,43.0,C
-11.0,140.0,30.0,S
-10.0,-88.0,30.0,S
25.0,-72.0,20.0,C
-22.0,-7.0,25.0,C
-25.0,140.0,28.0,S
-30.0,-151.0,28.0,C
-5.0,106.0,30.0,C
-35.0,-63.0,37.0,C
5.0,60.0,28.0,S
-10.0,50.0,38.0,C
44.0,-24.0,21.0,S
42.0,45.0,15.0,S
-13.0,30.0,32.0,S
3.0,73.0,28.0,C
2.0,119.0,35.0,S
-15.0,-64.0,20.0,S
46.0,38.0,25.0,S
-13.0,125.0,35.0,C
16.0,-125.0,42.0,C
12.0,-101.0,39.0,C
25.0,-80.0,39.0,S
23.0,117.0,35.0,C
-7.0,40.0,25.0,C
36.0,123.0,27.0,S
-20.0,15.0,35.0,C
30.0,-40.0,30.0,C
-18.0,-100.0,22.0,C
40.0,110.0,30.0,C
-23.0,17.0,30.0,S
13.0,-64.0,40.0,C
10.0,-66.0,25.0,S
15.0,-13.0,35.0,C
17.0,50.0,45.0,O
-8.0,-64.0,38.0,C
-40.0,81.0,35.0,C
-22.0,139.0,31.0,C
32.0,-44.0,38.0,S
17.0,75.0,37.0,C
-15.0,-150.0,30.0,C
20.0,130.0,70.0,O
7.0,-125.0,38.0,O
18.0,-120.0,20.0,C
35.0,-140.0,30.0,C
6.0,-115.0,66.0,O
15.0,-110.0,26.0,C
8.0,60.0,22.0,C
-5.0,-20.0,38.0,C
-37.0,140.0,39.0,C
-1.0,139.0,33.0,C
50.0,-70.0,20.0,S
20.0,60.0,35.0,C
37.0,-15.0,45.0,S
9.0,155.0,30.0,O
9.0,-131.0,25.0,S
25.0,-57.0,20.0,C
35.0,150.0,30.0,C
-5.0,-105.0,23.0,S
18.0,-65.0,32.0,C
15.0,40.0,31.0,C
22.0,-165.0,69.0,C
21.0,-68.0,58.0,O
5.0,50.0,33.0,S
-15.0,86.0,25.0,C
20.0,36.0,20.0,C
14.0,117.0,45.0,C
-5.0,-55.0,38.0,C
-5.0,-55.0,40.0,C
-5.0,-30.0,30.0,C
25.0,117.0,40.0,O
16.0,140.0,60.0,R
35.0,-54.0,50.0,C
-45.0,101.0,35.0,C
-25.0,52.0,46.0,O
15.0,158.0,60.0,O
34.0,144.0,40.0,S
-15.0,-160.0,43.0,C
5.0,-45.0,43.0,C
-16.0,-50.0,24.0,C
10.0,-145.0,30.0,C
5.0,-7.0,40.0,O
2.0,-40.0,35.0,S
42.0,-116.0,30.0,S
-20.0,60.0,25.0,S
-25.0,-30.0,33.0,C
20.0,112.0,24.0,C
-20.0,-131.0,26.0,C
-4.0,-122.0,28.0,C
45.0,50.0,32.0,S
-8.0,170.0,43.0,C
32.0,-33.0,39.0,C
-29.0,150.0,34.0,S
4.0,15.0,35.0,C
15.0,30.0,44.0,O
14.0,40.0,60.0,O
-15.0,60.0,32.0,S
0.0,60.0,20.0,C
-12.0,62.0,20.0,O
-3.0,77.0,40.0,C
39.0,-30.0,35.0,S
-15.0,168.0,18.0,S
22.0,141.0,30.0,C
24.0,143.0,30.0,C
-25.0,-56.0,25.0,C
0.0,0.0,40.0,O
20.0,64.0,15.0,S
-18.0,-32.0,25.0,S
16.0,150.0,30.0,S
36.0,74.0,40.0,C
24.0,15.0,25.0,S
30.0,100.0,25.0,C
20.0,20.0,30.0,C
16.0,-148.0,45.0,C
43.0,120.0,23.0,C
28.0,40.0,33.0,C
35.0,130.0,40.0,O
-3.0,40.0,30.0,S
49.0,17.0,29.0,C
14.0,64.0,42.0,C
13.0,-121.0,26.0,C
49.0,96.0,45.0,C
21.0,38.0,46.0,C
-12.0,46.0,24.0,C
25.0,58.0,25.0,C
21.0,-126.0,40.0,S
22.0,-48.0,56.0,C
14.0,149.0,30.0,C
20.0,-65.0,30.0,C
26.0,-109.0,32.0,S
5.0,125.0,60.0,O
10.0,-90.0,70.0,O
5.0,-90.0,70.0,O
33.0,-50.0,24.0,C
-9.0,-50.0,20.0,C
12.0,-45.0,50.0,O
35.0,-25.0,35.0,C
-30.0,50.0,20.0,C
-19.0,52.0,30.0,C
-5.0,75.0,30.0,S
27.0,-156.0,34.0,C
-26.0,139.0,40.0,C
0.0,-120.0,45.0,O
38.0,55.0,23.0,S
1.0,-4.0,25.0,S
10.0,-6.0,28.0,C
35.0,-155.0,50.0,O
-33.0,-30.0,23.0,S
-5.0,44.0,30.0,S
40.0,-110.0,36.0,S
28.0,142.0,33.0,C
41.0,-163.0,34.0,S
4.0,-133.0,54.0,C
30.0,-130.0,30.0,C
-9.0,-160.0,20.0,C
20.0,-90.0,20.0,C
30.0,60.0,25.0,C
-36.0,105.0,33.0,S
28.0,127.0,36.0,S
28.0,152.0,30.0,S
-25.0,59.0,29.0,S
70.0,-40.0,25.0,S
50.0,25.0,46.0,C
52.0,90.0,55.0,C
-4.0,-75.0,25.0,S
10.0,31.0,37.0,S
23.0,-35.0,25.0,C
-33.0,130.0,30.0,S
35.0,-128.0,45.0,S
29.0,-53.0,20.0,C
23.0,-65.0,37.0,S
-7.0,-160.0,65.0,O
0.0,-130.0,60.0,C
45.0,60.0,30.0,S
34.0,47.0,26.0,C
-35.0,-44.0,35.0,C
24.0,-35.0,38.0,O
-24.0,63.0,20.0,S
19.0,119.0,35.0,C
-30.0,58.0,30.0,C
-3.0,-110.0,70.0,C
15.0,176.0,60.0,C
62.0,-56.0,30.0,C
-35.0,10.0,30.0,S
3.0,-142.0,42.0,C
62.0,58.0,24.0,S
-22.0,-80.0,27.0,S
25.0,90.0,30.0,S
-15.0,41.0,25.0,S
27.0,-118.0,49.0,C
40.0,98.0,20.0,S
45.0,98.0,35.0,C
5.0,65.0,52.0,S
22.0,-165.0,26.0,C
47.0,120.0,22.0,S
3.0,-47.0,34.0,C
40.0,61.0,39.0,C
38.0,-105.0,18.0,S
23.0,45.0,72.0,C
-7.0,90.0,30.0,C
25.0,-50.0,35.0,S
-40.0,-160.0,40.0,C
-36.0,-150.0,40.0,S
15.0,40.0,30.0,C
17.0,80.0,25.0,S
52.0,80.0,37.0,C
-21.0,134.0,40.0,C
30.0,97.0,30.0,C
65.0,-175.0,20.0,S
-18.0,160.0,25.0,S
43.0,72.0,46.0,C
24.0,146.0,44.0,C
32.0,169.0,39.0,C
20.0,169.0,44.0,C
4.0,-160.0,17.0,S
-40.0,-81.0,26.0,S
17.0,-66.0,27.0,S
-30.0,149.0,26.0,C
-1.0,-158.0,32.0,S
21.0,-34.0,35.0,C
21.0,-31.0,25.0,S
-30.0,53.0,20.0,S
51.0,112.0,30.0,S
-9.0,94.0,25.0,C
-21.0,45.0,36.0,S
20.0,-144.0,32.0,C
-23.0,57.0,25.0,S
66.0,80.0,33.0,C
47.0,156.0,40.0,O
-28.0,-137.0,28.0,C
-40.0,-137.0,30.0,O
17.0,145.0,30.0,S
-17.0,-128.0,20.0,C
4.0,-85.0,20.0,S
17.0,-70.0,40.0,C
-15.0,-75.0,25.0,C
2.0,48.0,30.0,C
35.0,0.0,30.0,S
-10.0,20.0,35.0,C
-8.0,40.0,36.0,C
21.0,0.0,30.0,C
-3.0,-40.0,25.0,C
-10.0,29.0,20.0,S
20.0,88.0,30.0,S
60.0,-169.0,33.0,S
-15.0,130.0,25.0,S
8.0,142.0,45.0,C
-18.0,152.0,51.0,C
-17.0,99.0,50.0,O
18.0,-61.0,34.0,S
33.0,174.0,43.0,S
27.0,16.0,56.0,C
50.0,-4.0,35.0,C
42.0,-130.0,44.0,S
-38.0,-135.0,36.0,C
5.0,-130.0,15.0,S
31.0,-102.0,45.0,C
16.0,-40.0,20.0,S
-15.0,-58.0,20.0,S
-17.0,-92.0,18.0,S
28.0,-57.0,47.0,C
-23.0,22.0,30.0,C
48.0,23.0,27.0,S
46.0,-21.0,69.0,O
21.0,50.0,25.0,S
-20.0,65.0,28.0,S
38.0,139.0,29.0,C
41.0,26.0,62.0,R
14.0,98.0,28.0,S
60.0,72.0,30.0,O
51.0,-35.0,40.0,C
20.0,-133.0,30.0,C
-35.0,110.0,40.0,S
40.0,75.0,55.0,R
-10.0,51.0,34.0,S
-30.0,-172.0,25.0,C
-30.0,-123.0,30.0,C
47.0,79.0,30.0,S
23.0,71.0,30.0,C
4.0,-19.0,36.0,S
38.0,53.0,18.0,S
22.0,-27.0,40.0,C
50.0,-60.0,35.0,S
25.0,155.0,46.0,C
24.0,68.0,41.0,C
32.0,-12.0,55.0,C
-40.0,-39.0,48.0,S
21.0,50.0,15.0,S
38.0,-108.0,22.0,C
20.0,119.0,33.0,C
11.0,140.0,41.0,C
42.0,-23.0,40.0,S
34.0,-91.0,69.0,C
18.0,-62.0,60.0,C
40.0,-100.0,67.0,C
25.0,-48.0,60.0,O
48.0,-49.0,23.0,S
22.0,-70.0,51.0,O
20.0,-10.0,35.0,C
28.0,-20.0,20.0,C
30.0,-60.0,50.0,R
4.0,-23.0,65.0,O
30.0,-111.0,30.0,S
8.0,-122.0,32.0,S
-10.0,20.0,15.0,S
8.0,25.0,60.0,O
-20.0,143.0,28.0,C
10.0,-100.0,26.0,C
10.0,46.0,22.0,C
22.0,5.0,55.0,O
35.0,-70.0,40.0,C
25.0,43.0,60.0,R
44.0,-50.0,30.0,C
17.0,-28.0,27.0,C
52.0,103.0,20.0,S
14.0,-17.0,28.0,C
21.0,132.0,28.0,C
11.0,94.0,28.0,C
39.0,72.0,27.0,C
25.0,105.0,60.0,O
10.0,175.0,60.0,O
48.0,59.0,23.0,C
11.0,-161.0,60.0,O
-20.0,-80.0,30.0,C
46.0,-25.0,20.0,C
23.0,-118.0,40.0,C
-25.0,-170.0,33.0,S
15.0,-105.0,50.0,O
-22.0,108.0,26.0,C
66.0,-114.0,16.0,C
40.0,-114.0,32.0,O
56.0,-10.0,28.0,S
36.0,-61.0,37.0,C
31.0,-21.0,43.0,S
20.0,-31.0,18.0,S
62.0,97.0,29.0,S
33.0,99.0,36.0,C
31.0,-32.0,36.0,C
-22.0,155.0,30.0,C
-7.0,45.0,25.0,C
-45.0,-163.0,43.0,C
-28.0,93.0,45.0,C
18.0,65.0,48.0,C
-25.0,-65.0,26.0,C
0.0,-90.0,20.0,C
-13.0,130.0,33.0,S
15.0,-110.0,35.0,O
14.0,-5.0,30.0,S
-35.0,80.0,15.0,S
10.0,-70.0,55.0,O
-15.0,-103.0,20.0,C
12.0,34.0,22.0,C
5.0,158.0,22.0,S
12.0,-147.0,24.0,C
13.0,-157.0,27.0,C
-13.0,20.0,18.0,S
10.0,-158.0,22.0,C
-22.0,25.0,30.0,C
-20.0,21.0,20.0,S
-18.0,5.0,20.0,S
-28.0,-18.0,25.0,C
-34.0,-60.0,32.0,C
-18.0,-35.0,18.0,S
31.0,50.0,17.0,S
13.0,175.0,38.0,C
-46.0,88.0,39.0,C
-16.0,-13.0,23.0,C
10.0,-60.0,30.0,C
-34.0,89.0,31.0,C
7.0,165.0,25.0,C
-39.0,120.0,33.0,C
19.0,-57.0,25.0,S
-9.0,-37.0,23.0,S
-33.0,-148.0,16.0,C
30.0,-30.0,33.0,C
-34.0,85.0,40.0,C
17.0,28.0,35.0,S
9.0,-84.0,35.0,C
-3.0,-78.0,35.0,C
-1.0,-167.0,30.0,S
-7.0,-160.0,35.0,C
-20.0,45.0,55.0,C
-7.0,-15.0,58.0,C
18.0,-7.0,37.0,C
25.0,75.0,31.0,S
-10.0,-133.0,14.0,C
-12.0,-42.0,45.0,O
10.0,-70.0,19.0,C
-27.0,-110.0,16.0,C
56.0,-80.0,31.0,C
-21.0,-95.0,29.0,S
-23.0,-84.0,28.0,S
28.0,78.0,25.0,C
-39.0,15.0,24.0,S
-10.0,75.0,45.0,O
-15.0,60.0,22.0,C
-8.0,160.0,40.0,C
20.0,5.0,30.0,C
52.0,98.0,35.0,S
-48.0,97.0,35.0,S
7.0,98.0,26.0,C
25.0,-110.0,25.0,S
-45.0,116.0,45.0,C
25.0,53.0,18.0,C
5.0,-40.0,23.0,S
-37.0,52.0,30.0,S
5.0,110.0,70.0,O
10.0,-50.0,38.0,C
-35.0,-175.0,25.0,C
10.0,-55.0,20.0,S
5.0,95.0,25.0,S
-38.0,-43.0,35.0,S
-29.0,-7.0,30.0,C
-21.0,-140.0,30.0,C
-41.0,113.1,25.0,C
-30.0,139.0,40.0,O
-15.0,-30.0,29.0,S
-13.0,-12.0,11.0,C
-25.0,-20.0,41.0,C
-20.0,-9.0,50.0,O
2.0,-135.0,40.0,C
-27.0,72.0,15.0,C
-40.0,-162.0,20.0,C
35.0,-84.0,40.0,S
5.0,-50.0,34.0,S
-39.0,-97.0,23.0,C
28.0,105.0,62.0,C
-23.0,126.0,38.0,S
23.0,-114.0,65.0,S
40.0,-116.0,11.0,C
-34.0,85.0,27.0,S
-19.0,-144.0,25.0,C
45.0,-92.0,12.0,C
-27.0,-105.0,55.0,S
-32.0,-68.0,17.0,S
24.0,-89.0,16.0,C
46.0,88.0,32.0,S
-26.0,-179.0,62.0,C
16.0,-55.0,20.0,C
-27.0,-41.0,35.0,S
-10.0,-41.0,31.0,C
-6.0,129.0,22.0,S
28.0,-26.0,23.0,O
-4.0,65.0,24.0,C
-10.0,-130.0,35.0,O
-37.0,0.0,21.0,S
-35.0,8.0,29.0,C
-48.0,20.0,28.0,C
-45.0,24.0,19.0,C
-14.0,10.0,27.0,C
-50.0,22.0,27.0,S
-54.0,30.0,23.0,S
-53.0,30.0,15.0,S
-7.0,25.0,31.0,C
-58.0,35.0,30.0,S
-56.0,42.0,22.0,C
-42.0,55.0,28.0,O
-6.0,150.0,30.0,S
-35.0,65.0,40.0,O
-45.0,85.0,20.0,C
20.0,-172.0,40.0,C
-50.0,90.0,30.0,O
-13.0,60.0,25.0,C
-13.0,80.0,40.0,C
-12.0,-175.0,45.0,C
42.0,-11.0,20.0,C
34.0,76.0,45.0,S
-17.0,-6.0,70.0,O
-30.0,54.0,45.0,O
3.0,-175.0,40.0,O
-20.0,100.0,50.0,O
-15.0,144.0,80.0,ER
18.0,145.0,32.0,S
-24.0,-67.0,49.0,S
-20.0,-45.0,60.0,C
-24.0,65.0,22.0,S
34.0,-78.0,50.0,C
-32.0,106.0,39.0,C
-28.0,135.0,39.0,C
-18.0,-28.0,45.0,C
10.0,20.0,20.0,S
15.0,50.0,22.0,S
30.0,-80.0,16.0,S
6.0,35.0,19.0,C
-12.0,155.0,36.0,C
-12.0,95.0,25.0,C
40.0,-10.0,30.0,C
35.0,15.0,25.0,S
2.0,1.0,25.0,C
-46.0,-115.0,35.0,C
40.0,-22.0,30.0,S
50.0,20.0,30.0,C
55.0,-77.0,25.0,C
61.0,-129.0,20.0,S
3.0,-150.0,25.0,C
50.0,130.0,20.0,S
-7.0,-170.0,15.0,O
15.0,60.0,27.0,C
28.0,-87.0,38.0,C
0.0,-145.0,38.0,C
-10.0,172.0,27.0,S
-15.0,-63.0,75.0,O
10.0,3.0,30.0,C
20.0,18.0,25.0,S
-6.0,170.0,30.0,S
-18.0,124.0,62.0,C
35.0,5.0,26.0,S
-30.0,-110.0,28.0,C
32.0,153.0,28.0,S
33.0,81.0,24.0,S
34.0,-143.0,25.0,S
24.0,-68.0,44.0,S
19.0,172.0,54.0,S
-16.0,160.0,17.0,O
30.0,-160.0,38.0,C
37.0,99.0,37.0,C
-28.0,-138.0,56.0,R
12.0,150.0,28.0,O
41.0,-150.0,37.0,C
0.0,-101.0,25.0,C
20.0,-96.0,58.0,O
-20.0,170.0,64.0,O
5.0,30.0,85.0,O
-10.0,170.0,26.0,C
15.0,40.0,28.0,S
-30.0,-45.0,28.0,S
11.0,95.0,30.0,S
-28.0,10.0,47.0,C
-17.0,-121.0,26.0,S
49.0,-93.0,76.0,C
-38.0,20.0,35.0,C
-10.0,-54.0,30.0,C
-10.0,-88.0,25.0,C
4.0,-120.0,25.0,S
28.0,75.0,29.0,S
24.0,153.0,35.0,C
-40.0,96.0,35.0,C
-47.0,60.0,29.0,C
17.0,128.0,38.0,S
0.0,-92.0,25.0,S
-26.0,-80.0,48.0,C
10.0,-10.0,22.0,S
24.0,12.0,36.0,S
-12.0,85.0,45.0,S
20.0,130.0,16.0,S
13.0,105.0,40.0,C
38.0,179.0,30.0,S
32.0,82.0,35.0,S
-42.0,-165.0,35.0,C
30.0,143.0,30.0,S
25.0,-86.0,55.0,C
-17.0,176.0,70.0,O
29.0,177.0,27.0,C
-10.0,132.0,27.0,C
-40.0,-123.0,23.0,C
-13.0,-11.0,27.0,C
-20.0,-16.0,20.0,C
-15.0,128.0,32.0,S
-35.0,87.0,31.0,C
-25.0,-46.0,25.0,C
-45.0,-70.0,25.0,C
-28.0,100.0,28.0,S
-23.0,-25.0,38.0,C
17.0,-96.0,39.0,S
-14.0,-96.0,47.0,C
-17.0,-110.0,52.0,C
-32.0,-124.0,35.0,S
5.0,90.0,30.0,C
10.0,169.0,26.0,C
19.0,-27.0,30.0,S
8.0,-12.0,45.0,C
34.0,140.0,20.0,C
-3.0,-43.0,35.0,C
-13.0,176.0,30.0,S
32.0,-112.0,45.0,S
-22.0,-15.0,42.0,C
30.0,138.0,50.0,C
68.0,64.0,30.0,S
43.0,-70.0,56.0,C
23.0,170.0,23.0,S
18.0,178.0,31.0,C
3.0,-79.0,25.0,S
1.0,-65.0,35.0,C
12.0,24.0,20.0,S
-20.0,66.0,30.0,S
29.0,22.0,27.0,C
21.0,76.0,55.0,C
8.0,-152.0,35.0,S
-5.0,95.0,45.0,C
-48.0,-45.0,39.0,C
-4.0,-132.0,30.0,C
12.0,-152.0,64.0,C
30.0,125.0,17.0,C
40.0,-102.0,23.0,S
-20.0,-95.0,12.0,S
15.0,153.0,27.0,S
20.0,-18.0,20.0,S
-8.0,30.0,25.0,S
-13.0,80.0,32.0,S
-10.0,135.0,40.0,C
-31.0,78.0,39.0,S
8.0,-82.0,32.0,S
-6.0,-100.0,30.0,C
6.0,-48.0,22.0,S
3.0,12.0,31.0,S
-20.0,10.0,30.0,S
-27.0,80.0,72.0,C
-5.0,95.0,31.0,C
-22.0,-88.0,40.0,C
-34.0,-79.0,35.0,C
35.0,-8.0,45.0,C
-37.0,157.0,27.0,S
18.0,85.0,25.0,S
-25.0,-19.0,25.0,C
34.0,-65.0,32.0,C
-12.0,-50.0,24.0,C
0.0,-100.0,35.0,S
30.0,-84.0,18.0,C
30.0,-35.0,38.0,O
24.0,-62.0,50.0,C
-27.0,143.0,26.0,S
28.0,3.0,32.0,C
-40.0,58.0,30.0,O
-23.0,58.0,35.0,C
45.0,84.0,17.0,C
17.0,113.0,31.0,C
20.0,-25.0,38.0,C
-47.0,25.0,30.0,C
37.0,-11.0,45.0,C
22.0,-61.0,25.0,C
-28.0,-70.0,42.0,S
-13.0,89.0,36.0,S
27.0,95.0,45.0,C
10.0,125.0,75.0,C
28.0,56.0,28.0,S
-15.0,91.0,40.0,C
-21.0,-76.0,25.0,S
10.0,-135.0,70.0,O
12.0,173.0,30.0,C
-10.0,83.0,35.0,S
47.0,-19.0,49.0,C
-11.0,-70.0,55.0,C
-3.0,-2.0,66.0,O
30.0,57.0,32.0,C
33.0,9.0,35.0,C
-15.0,-30.0,25.0,S
-26.0,88.0,22.0,C
-5.0,78.0,28.0,C
-30.0,168.0,28.0,O
1.0,-125.0,55.0,C
6.0,35.0,25.0,C
-30.0,110.0,20.0,C
-7.0,-25.0,58.0,C
31.0,82.0,56.0,S
0.0,80.0,56.0,S
2.0,110.0,39.0,C
10.0,90.0,50.0,C
10.0,100.0,40.0,O
-17.0,100.0,34.0,S
-8.0,80.0,33.0,S
-17.0,120.0,35.0,C
-4.0,170.0,33.0,C
-32.0,8.0,30.0,S
-40.0,-120.0,35.0,S
-6.0,135.0,25.0,S
12.0,-120.0,36.0,C
56.0,19.0,28.0,S
-16.0,70.0,22.0,S
7.0,-89.0,40.0,C
-18.0,-86.0,22.0,C
-18.0,20.0,19.0,S
-23.0,170.0,18.0,C
-35.0,115.0,50.0,C
18.0,103.0,35.0,C
37.0,25.0,34.0,C
20.0,-94.0,30.0,O
-30.0,-124.0,27.0,C
-50.0,83.0,27.0,S
10.0,-70.0,40.0,O
22.0,-90.0,35.0,R
15.0,-70.0,40.0,O
10.0,-98.0,35.0,O
13.0,-40.0,47.0,O
14.0,-140.0,22.0,S
-38.0,166.0,53.0,C
25.0,78.0,45.0,C
10.0,80.0,60.0,O
21.0,167.0,46.0,C
28.0,-104.0,38.0,S
14.0,-105.0,27.0,S
12.0,-163.0,28.0,C
-10.0,-31.0,30.0,S
-10.0,-100.0,50.0,C
-43.0,17.0,28.0,C
-65.0,80.0,33.0,C
-10.0,110.0,27.0,S
-38.0,150.0,20.0,C
-25.0,171.0,43.0,O
11.0,60.0,25.0,S
-49.0,86.0,18.0,S
-39.0,-137.0,27.0,C
0.0,161.0,27.0,C
-35.0,-100.0,26.0,O
-29.0,-90.0,47.0,C
-33.0,97.0,40.0,C
-42.0,-70.0,26.0,C
-19.0,-57.0,70.0,O
-10.0,140.0,50.0,S
-11.0,172.0,64.0,C
-20.0,178.0,40.0,C
-30.0,165.0,32.0,C
-42.0,44.0,28.0,C
-39.0,35.0,41.0,O
8.0,1.0,35.0,S
11.0,-85.0,63.0,C
-10.0,-90.0,40.0,S
-10.0,-80.0,45.0,C
-15.0,-120.0,45.0,C
-43.0,-124.0,22.0,S
2.0,-10.0,40.0,C
-36.0,-10.0,20.0,S
-32.0,-8.0,20.0,S
-15.0,-12.0,20.0,C
49.0,70.0,30.0,S
-5.0,97.0,25.0,S
-36.0,70.0,30.0,S
-20.0,-177.0,37.0,S
20.0,-85.0,29.0,S
-10.0,-85.0,15.0,C
18.0,-101.0,30.0,S
30.0,157.0,70.0,O
20.0,170.0,75.0,C
35.0,175.0,40.0,S
14.0,-176.0,15.0,C
-60.0,115.0,52.0,C
16.0,-108.0,35.0,C
-26.0,179.0,27.0,C
-33.0,-175.0,38.0,S
41.0,-135.0,26.0,C
-33.0,-174.0,23.0,S
-22.0,-180.0,23.0,C
-14.0,30.0,18.0,C
43.0,-23.0,30.0,C
-17.0,53.0,19.0,C
-54.0,155.0,48.0,C
21.0,131.0,49.0,C
-21.0,14.0,37.0,C
-45.0,6.0,25.0,S
-19.0,171.0,39.0,C
-28.0,84.0,36.0,C
-30.0,89.0,34.0,S
17.0,-100.0,36.0,S
-23.0,-172.0,45.0,O
-27.0,133.0,29.0,C
51.0,-71.0,23.0,S
-15.0,73.0,41.0,O
17.0,180.0,45.0,O
-37.0,19.0,51.0,C
10.0,-2.0,40.0,C
-48.0,126.0,26.0,S
-30.0,61.0,14.0,C
-63.0,6.0,22.0,S
50.0,-78.0,25.0,S
-2.0,90.0,25.0,C
-30.0,-175.0,40.0,C
65.0,83.0,15.0,S
-3.0,80.0,9.0,S
-28.0,-135.0,34.0,C
-22.0,172.0,32.0,C
-45.0,12.0,36.0,C
-20.0,-155.0,18.0,C
19.0,-49.0,52.0,C
11.0,127.0,17.0,S
-16.0,-55.0,13.0,S
-21.0,-156.0,36.0,C
-31.0,-32.0,23.0,S
35.0,29.0,17.0,C
-28.0,-64.0,20.0,S
17.0,-148.0,21.0,C
-31.0,-62.0,23.0,C
15.0,-125.0,26.0,C
14.0,-85.0,17.0,S
8.0,-146.0,22.0,S
-51.0,-27.0,42.0,C
-60.0,-114.0,32.0,C
-40.0,114.0,22.0,S
-19.0,-85.0,20.0,C
45.0,-75.0,27.0,S
-48.0,-70.0,31.0,S
6.0,-112.0,31.0,C
-10.0,-64.0,14.0,S
-20.0,-61.0,12.0,S
-23.0,-60.0,15.0,S
18.0,79.0,25.0,S
-38.0,-102.0,16.0,S
-3.0,-38.0,34.0,S
42.0,-67.0,40.0,S
35.0,-74.0,33.0,C
-28.0,63.0,33.0,C
-27.0,55.0,25.0,S
-55.0,113.0,25.0,C
44.0,-75.0,32.0,C
26.0,38.0,70.0,O
-45.0,-65.0,25.0,S
35.0,102.0,45.0,C
3.0,-62.0,34.0,C
18.0,78.0,23.0,S
-22.0,-136.0,28.0,S
-18.0,-125.0,50.0,S
-26.0,-139.0,60.0,O
-15.0,6.0,25.0,C
26.0,-100.0,27.0,C
30.0,-30.0,22.0,S
-25.0,-85.0,22.0,S
-30.0,-105.0,32.0,S
-77.0,-57.0,15.0,S
44.0,-35.0,25.0,S
-1.0,-106.0,42.0,C
-36.0,-33.0,24.0,S
-9.0,75.0,26.0,C
-14.0,-52.0,31.0,S
-46.0,-12.0,55.0,C
-29.0,37.0,28.0,S
15.0,-95.0,35.0,C
-33.0,22.0,21.0,S
-8.0,34.0,38.0,S
-11.0,-95.0,49.0,C
41.0,-55.0,38.0,S
39.0,109.0,21.0,S
-51.0,107.0,15.0,S
0.0,40.0,30.0,C
-69.0,63.0,45.0,S
49.0,-6.0,48.0,C
6.0,-100.0,25.0,S
-20.0,10.0,55.0,C
69.0,-91.0,30.0,S
-9.0,-8.0,40.0,O
1.0,-79.0,25.0,S
67.0,-26.0,35.0,S
-2.0,-67.0,47.0,S
15.0,-63.0,40.0,C
2.0,62.0,31.0,S
6.0,65.0,36.0,C
7.0,-70.0,34.0,C
7.0,-70.0,46.0,C
12.0,67.0,33.0,C
5.0,75.0,40.0,C
2.0,60.0,38.0,C
18.0,66.0,52.0,C
7.0,65.0,60.0,C
15.0,73.0,55.0,C
10.0,83.0,20.0,C
27.0,80.0,35.0,O
20.0,-10.0,28.0,C
6.0,70.0,15.0,C
22.0,83.0,25.0,C
18.0,85.0,7.0,S
23.0,74.0,22.0,S
14.0,72.0,17.0,S
53.0,85.0,12.0,C
-8.0,104.0,39.0,C
-30.0,-76.0,16.0,S
-38.0,-59.0,40.0,S
5.0,145.0,75.0,O
44.0,106.0,43.0,C
-16.0,96.0,13.0,C
-25.0,-24.0,40.0,S
-10.0,170.0,70.0,O
46.0,-24.0,39.0,C
-45.0,-30.0,31.0,C
-60.0,-44.0,40.0,S
-35.0,95.0,68.0,C
-13.0,-135.0,92.0,R
-11.0,-10.0,27.0,C
-33.0,172.0,58.0,C
-21.0,-6.0,18.0,S
-29.0,-9.0,27.0,C
-6.0,53.0,17.0,C
-5.0,-7.0,60.0,C
41.0,101.0,28.0,C
-30.0,79.0,30.0,C
45.0,100.0,35.0,C
-50.0,85.0,26.0,C
-46.0,64.0,40.0,C
-19.0,-172.0,43.0,C
-29.0,82.0,50.0,C
-16.0,136.0,53.0,C
30.0,-60.0,35.0,C
-27.0,-61.0,26.0,S
-68.0,129.0,50.0,C
25.0,30.0,30.0,C
-24.0,-52.0,25.0,C
-4.0,-55.0,26.0,S
33.0,3.0,30.0,S
28.0,92.0,26.0,S
9.0,114.0,36.0,C
-66.0,44.0,33.0,C
-10.0,77.0,21.0,C
29.0,88.0,29.0,C
-40.0,-134.0,55.0,C
23.0,34.0,33.0,C
1.0,55.0,36.0,S
9.0,56.0,21.0,S
48.0,-15.0,45.0,C
20.0,68.0,26.0,C
-38.0,-100.0,58.0,C
-13.0,-100.0,15.0,C
-21.0,19.0,40.0,C
-40.0,60.0,40.0,C
1.0,-105.0,20.0,C
35.0,-101.0,35.0,C
11.0,67.0,34.0,S
-60.0,-4.0,23.0,S
39.0,148.0,34.0,S
-31.0,51.0,40.0,O
-54.0,0.0,45.0,C
-53.0,-1.0,23.0,S
-9.0,80.0,15.0,S
-30.0,-168.0,41.0,C
-34.0,-32.0,34.0,C
-23.0,-80.0,25.0,C
-37.0,107.0,40.0,S
-21.0,-54.0,29.0,C
2.0,-114.0,29.0,S
-17.0,-84.0,24.0,C
5.0,-132.0,21.0,S
-4.0,-135.0,23.0,S
-22.0,86.0,39.0,C
-4.0,65.0,20.0,S
-43.0,68.0,31.0,S
-50.0,111.0,26.0,S
0.0,172.0,29.0,C
-28.0,111.0,20.0,C
33.0,-128.0,20.0,S
-1.0,-70.0,19.0,C
49.0,101.0,31.0,O
40.0,-107.0,24.0,S
-40.0,-122.0,38.0,S
-37.0,-92.0,23.0,S
-15.0,60.0,30.0,S
-44.0,162.0,27.0,S
-31.0,-134.0,90.0,O
-35.0,46.0,18.0,C
-65.0,-27.0,27.0,S
-16.0,-178.0,29.0,C
-51.0,175.0,27.0,S
-2.0,-121.0,23.0,C
-1.0,101.0,65.0,C
29.0,6.0,41.0,C
10.0,101.0,27.0,S
-35.0,-39.0,45.0,C
-11.0,-99.0,30.0,S
-10.0,90.0,45.0,S
-7.0,-75.0,38.0,O
-55.0,-85.0,28.0,C
-35.0,5.0,46.0,C
11.0,96.0,40.0,C
23.0,-130.0,20.0,S
-3.0,102.0,45.0,O
33.0,64.0,30.0,S
-55.0,117.0,49.0,C
-24.0,30.0,49.0,R
30.0,93.0,13.0,S
33.0,90.0,13.0,S
-28.0,119.0,36.0,S
-28.0,-163.0,16.0,S
-24.0,70.0,30.0,C
27.0,-29.0,21.0,S
48.0,-53.0,21.0,S
30.0,-38.0,24.0,S
52.0,6.0,23.0,C
49.0,137.0,25.0,S
-67.0,110.0,28.0,S
16.0,-7.0,43.0,C
48.0,-123.0,40.0,S
44.0,-126.0,18.0,S
-39.0,68.0,17.0,S
-29.0,-90.0,15.0,S
-37.0,-88.0,48.0,C
-35.0,-85.0,38.0,C
-11.0,-91.0,21.0,C
-66.0,-29.0,20.0,S
7.0,53.0,25.0,S
10.0,-170.0,40.0,C
-12.0,-80.0,57.0,C
-2.0,110.0,32.0,S
-5.0,125.0,32.0,S
-5.0,99.0,32.0,C
-9.0,107.0,37.0,C
-5.0,-160.0,40.0,O
43.0,-78.0,30.0,S
33.0,-100.0,24.0,S
-60.0,-116.0,19.0,S
29.0,-73.0,18.0,S
73.0,87.0,24.0,S
-44.0,-116.0,30.0,C
-37.0,-96.0,40.0,C
-31.0,-82.0,40.0,C
-54.0,-91.0,34.0,S
-21.0,170.0,29.0,S
21.0,-83.0,20.0,C
-30.0,-68.0,21.0,S
15.0,-53.0,17.0,C
15.0,-64.0,25.0,C
18.0,-52.0,19.0,C
-35.0,90.0,20.0,S
19.0,-56.0,14.0,O
-80.0,-17.0,35.0,S
-25.0,170.0,50.0,C
-30.0,146.0,29.0,S
-17.0,-73.0,33.0,S
-17.0,-61.0,45.0,S
-15.0,-63.0,58.0,C
10.0,-32.0,40.0,C
5.0,-130.0,29.0,S
7.0,-125.0,35.0,S
-2.0,-144.0,44.0,S
-20.0,140.0,67.0,C
-39.0,110.0,29.0,C
-25.0,-92.0,44.0,S
-17.0,-125.0,13.0,S
-34.0,29.0,62.0,C
-16.0,-136.0,32.0,S
-33.0,20.0,43.0,C
38.0,80.0,14.0,S
22.0,-147.0,32.0,S
-26.0,101.0,22.0,S
-52.0,111.0,21.0,S
31.0,102.0,21.0,S
-43.0,-126.0,28.0,S
24.0,-103.0,15.0,S
69.0,120.0,25.0,S
17.0,-34.0,21.0,C
-8.0,-50.0,24.0,C
6.0,-91.0,19.0,S
-16.0,-92.0,18.0,S
-34.0,9.0,16.0,S
-16.0,-108.0,49.0,C
74.0,-78.0,16.0,S
19.0,-118.0,13.0,S
-6.0,-124.0,14.0,S
-23.0,-146.0,39.0,C
-16.0,-141.0,23.0,C
2.0,-8.0,32.0,S
21.0,22.0,45.0,S
26.0,109.0,23.0,S
-14.0,99.0,44.0,C
10.0,8.0,60.0,C
-38.0,-57.0,25.0,S
36.0,26.0,45.0,C
32.0,-62.0,12.0,S
-16.0,115.0,22.0,C
-26.0,157.0,16.0,C
-6.0,127.0,48.0,O
32.0,-157.0,40.0,S
30.0,-175.0,30.0,C
-45.0,172.0,21.0,S
-17.0,-87.0,25.0,S
10.0,-74.0,65.0,C
6.0,-119.0,34.0,C
26.0,120.0,27.0,S
-65.0,-133.0,30.0,S
29.0,119.0,20.0,S
-28.0,-49.0,63.0,C
59.0,-65.0,38.0,C
-13.0,-151.0,59.0,C
-37.0,-1.0,45.0,C
-48.0,-39.0,45.0,C
-4.0,79.0,40.0,C
-12.0,-112.0,28.0,C
-62.0,2.0,13.0,S
-6.0,-114.0,60.0,C
-54.0,139.0,30.0,O
-24.0,-103.0,23.0,C
-14.0,101.0,26.0,C
-22.0,-85.0,12.0,C
-21.0,-75.0,15.0,S
-25.0,129.0,29.0,O
-11.0,-78.0,66.0,O
35.0,-125.0,35.0,S
-8.0,-119.0,18.0,S
75.0,155.0,23.0,S
38.0,106.0,8.0,S
9.0,-82.0,18.0,S
-8.0,-87.0,16.0,C
-59.0,132.0,18.0,S
7.0,-177.0,8.0,S
40.0,132.0,10.0,S
72.0,-139.0,10.0,S
16.0,65.0,11.0,S
45.0,170.0,60.0,C
-60.0,-140.0,26.0,C
19.0,36.0,29.0,C
26.0,66.0,23.0,C
-48.0,176.0,44.0,O
59.0,-173.0,29.0,C
39.0,107.0,27.0,S
0.0,-161.0,20.0,S
-39.0,-33.0,29.0,C
25.0,150.0,25.0,C
-25.0,-96.0,21.0,C
37.0,154.0,42.0,C
-59.0,-157.0,35.0,S
-20.0,-60.0,35.0,C
-5.0,90.0,8.0,S
-8.0,-65.0,10.0,S
30.0,-154.0,60.0,O
-17.0,109.0,19.0,C
-10.0,78.0,32.0,S
70.0,-113.0,8.0,S
-12.0,-129.0,13.0,S
31.0,139.0,35.0,S
-48.0,-56.0,28.0,S
34.0,-109.0,29.0,S
-1.0,-99.0,48.0,C
-9.0,-75.0,22.0,S
27.0,87.0,24.0,C
-53.0,-34.0,35.0,C
5.0,-114.0,40.0,S
-84.0,-38.0,18.0,S
-3.0,-84.0,20.0,C
-80.0,-81.0,9.0,S
-41.0,-39.0,22.0,S
44.0,-149.0,19.0,S
-21.0,-171.0,40.0,S
20.0,47.0,34.0,S
-4.0,-68.0,12.0,S
18.0,-161.0,40.0,S
2.0,-70.0,47.0,S
-19.0,-83.0,23.0,S
-1.0,-78.0,24.0,C
-44.0,2.0,20.0,S
45.0,-65.0,41.0,S
-1.0,81.0,30.0,S
50.0,47.0,24.0,C
2.0,-120.0,24.0,C
4.0,-35.0,52.0,C
36.0,-44.0,40.0,C
-88.0,160.0,19.0,S
38.0,-37.0,25.0,C
-28.0,76.0,22.0,C
88.0,-128.0,23.0,C
-9.0,95.0,38.0,C
-41.0,-133.0,34.0,S
-43.0,-117.0,10.0,C
30.0,-96.0,25.0,S
-4.0,155.0,56.0,C
49.0,32.0,32.0,S
25.0,36.0,32.0,C
46.0,-38.0,30.0,C
8.0,65.0,40.0,C
34.0,36.0,46.0,C
44.0,38.0,31.0,S
35.0,-69.0,22.0,S
38.0,-88.0,9.0,S
-3.0,80.0,22.0,S
-29.0,90.0,8.0,S
-9.0,-15.0,50.0,S
-6.0,94.0,35.0,C
19.0,-50.0,68.0,O
-43.0,88.0,32.0,S
42.0,-65.0,15.0,C
-42.0,98.0,29.0,S
32.0,-110.0,16.0,S
34.0,-32.0,22.0,S
53.0,103.0,33.0,S
53.0,-73.0,25.0,S
-44.0,-84.0,39.0,S
-43.0,-124.0,20.0,S
26.0,145.0,40.0,C
68.0,-80.0,24.0,S
66.0,28.0,24.0,S
-32.0,124.0,37.0,C
40.0,156.0,40.0,C
0.0,-158.0,56.0,C
-42.0,130.0,19.0,S
12.0,41.0,28.0,S
12.0,-42.0,12.0,S
-15.0,-88.0,30.0,S
-71.0,-173.0,12.0,S
-23.0,82.0,16.0,S
-22.0,-86.0,42.0,C
14.0,164.0,25.0,C
60.0,-100.0,20.0,S
24.0,-98.0,12.0,S
-29.0,-4.0,29.0,S
-40.0,-70.0,15.0,C
51.0,-110.0,16.0,S
-34.0,26.0,45.0,S
62.0,125.0,10.0,S
-46.0,51.0,34.0,C
-42.0,24.0,24.0,S
-34.0,10.0,45.0,O
36.0,86.0,20.0,S
34.0,106.0,31.0,S
26.0,126.0,23.0,S
28.0,127.0,22.0,C
29.0,119.0,20.0,S
44.0,136.0,17.0,S
41.0,-8.0,19.0,S
63.0,10.0,21.0,S
56.0,154.0,20.0,C
62.0,-50.0,26.0,S
13.0,-112.0,50.0,C
29.0,24.0,25.0,S
-45.0,-48.0,15.0,S
-42.0,69.0,12.0,S
-48.0,80.0,20.0,C
-45.0,-40.0,20.0,S
-14.0,113.0,50.0,C
-33.0,-83.0,23.0,S
79.0,-11.0,30.0,S
-52.0,160.0,19.0,C
17.0,-114.0,15.0,C
55.0,-60.0,14.0,S
-39.0,76.0,16.0,S
-39.0,85.0,16.0,S
40.0,-70.0,12.0,S
28.0,-93.0,11.0,S
1.0,-99.0,25.0,C
55.0,-106.0,27.0,S
11.0,51.0,25.0,C
14.0,84.0,11.0,S
12.0,65.0,36.0,C
41.0,151.0,35.0,S
-23.0,84.0,27.0,S
18.0,105.0,18.0,S
-4.0,-121.0,49.0,S
19.0,-84.0,9.0,C
-24.0,88.0,8.0,S
5.0,108.0,47.0,S
-3.0,103.0,32.0,C
-15.0,98.0,21.0,S
15.0,101.0,15.0,C
-6.0,122.0,41.0,O
6.0,130.0,46.0,C
-30.0,-151.0,18.0,C
4.0,140.0,56.0,O
13.0,-109.0,20.0,C
5.0,142.0,64.0,O
-21.0,171.0,23.0,C
25.0,64.0,22.0,S
38.0,-75.0,38.0,S
45.0,-88.0,30.0,S
-30.0,-90.0,21.0,C
-67.0,-131.0,17.0,S
63.0,-75.0,10.0,S
-26.0,-20.0,10.0,S
-65.0,-39.0,32.0,C
65.0,-156.0,20.0,S
27.0,142.0,20.0,S
60.0,160.0,45.0,S
1.0,-56.0,20.0,C
-7.0,-111.0,27.0,S
64.0,143.0,14.0,S
5.0,-70.0,33.0,S
-34.0,-96.0,34.0,C
3.0,87.0,14.0,C
20.0,150.0,20.0,S
49.0,-177.0,36.0,C
39.0,-78.0,22.0,S
32.0,-176.0,14.0,S
40.0,-17.0,22.0,S
6.0,93.0,13.0,S
-1.0,-78.0,22.0,S
25.0,34.0,18.0,S
-18.0,70.0,40.0,S
-17.0,-65.0,30.0,C
43.0,-63.0,10.0,S
48.0,71.0,15.0,C
-18.0,-72.0,16.0,C
30.0,-110.0,23.0,S
27.0,7.0,28.0,S
-42.0,28.0,47.0,S
-20.0,108.0,19.0,S
-6.0,89.0,20.0,S
27.0,-103.0,29.0,S
-21.0,111.0,23.0,C
20.0,-133.0,20.0,S
34.0,-92.0,24.0,S
30.0,-93.0,27.0,S
-41.0,44.0,18.0,C
42.0,87.0,20.0,S
19.0,-90.0,37.0,S
25.0,-87.0,32.0,C
-14.0,71.0,9.0,S
14.0,-51.0,23.0,S
-29.0,-165.0,60.0,S
11.0,108.0,67.0,C
58.0,154.0,20.0,S
-54.0,-116.0,35.0,S
-51.0,-109.0,20.0,S
-45.0,-41.0,43.0,C
-42.0,-129.0,48.0,S
-14.0,115.0,39.0,C
-3.0,-154.0,70.0,C
20.0,-115.0,40.0,C
-1.0,73.0,40.0,S
-12.0,157.0,23.0,S
40.0,-50.0,47.0,S
8.0,87.0,15.0,C
3.0,-73.0,30.0,C
-31.0,43.0,13.0,C
-16.0,-116.0,13.0,C
-6.0,-89.0,40.0,C
-10.0,-86.0,64.0,O
-5.0,-70.0,15.0,C
41.0,-56.0,22.0,S
-32.0,-65.0,20.0,S
-31.0,-65.0,19.0,S
-31.0,68.0,14.0,S
-51.0,40.0,12.0,S
13.0,-113.0,34.0,S
-37.0,56.0,61.0,C
47.0,-5.0,33.0,C
-18.0,-93.0,22.0,C
17.0,104.0,20.0,S
-55.0,85.0,34.0,C
-8.0,-73.0,25.0,C
-45.0,130.0,23.0,C
62.0,19.0,18.0,C
-23.0,-92.0,20.0,C
-53.0,108.0,5.0,S
-55.0,105.0,35.0,O
-10.0,-48.0,23.0,C
66.0,8.0,16.0,S
-32.0,114.0,20.0,C
2.0,-19.0,47.0,C
39.0,-91.0,25.0,S
-16.0,-29.0,35.0,S
30.0,7.0,34.0,S
37.0,-152.0,13.0,S
-2.0,-97.0,20.0,S
20.0,5.0,27.0,S
-45.0,-170.0,35.0,C
52.0,55.0,20.0,S
26.0,-7.0,35.0,S
38.0,142.0,27.0,S
52.0,-91.0,30.0,S
33.0,119.0,48.0,C
-10.0,-138.0,30.0,C
-15.0,-56.0,23.0,C
-4.0,-83.0,35.0,S
6.0,82.0,19.0,S
28.0,-146.0,30.0,S
43.0,-14.0,38.0,C
35.0,-121.0,20.0,S
-21.0,-113.0,22.0,C
-17.0,-55.0,25.0,S
-34.0,-99.0,15.0,O
77.0,-116.0,22.0,S
86.0,-96.0,27.0,S
27.0,-90.0,24.0,S
34.0,-67.0,49.0,C
31.0,-51.0,58.0,C
-6.0,116.0,54.0,O
51.0,-63.0,16.0,S
42.0,82.0,20.0,C
-19.0,13.0,14.0,C
59.0,-98.0,18.0,S
13.0,-97.0,13.0,S
-21.0,125.0,24.0,C
53.0,91.0,19.0,S
12.0,-81.0,39.0,S
52.0,-25.0,27.0,S
27.0,2.0,25.0,S
0.0,113.0,12.0,S
41.0,92.0,43.0,S
-56.0,-123.0,29.0,C
32.0,143.0,18.0,C
7.0,-152.0,39.0,S
31.0,-180.0,35.0,S
-15.0,110.0,33.0,S
-39.0,-69.0,12.0,C
48.0,36.0,16.0,S
49.0,-96.0,19.0,C
49.0,0.0,43.0,C
35.0,-131.0,39.0,S
35.0,-125.0,40.0,S
-30.0,-60.0,21.0,C
13.0,85.0,15.0,S
-13.0,-66.0,25.0,S
32.0,81.0,15.0,S
58.0,34.0,34.0,C
-34.0,-19.0,34.0,C
-26.0,-45.0,22.0,C
32.0,-33.0,9.0,C
22.0,140.0,14.0,S
45.0,-163.0,37.0,S
-50.0,-90.0,15.0,C
45.0,-80.0,21.0,S
17.0,135.0,51.0,S
20.0,-172.0,54.0,S
-18.0,177.0,44.0,C
46.0,-102.0,11.0,S
41.0,-46.0,20.0,S
-43.0,131.0,12.0,S
34.0,-140.0,31.0,C
-3.0,-120.0,25.0,S
2.0,-133.0,41.0,C
-45.0,170.0,40.0,S
20.0,-60.0,10.0,S
-36.0,-106.0,31.0,S
12.0,5.0,39.0,C
27.0,-24.0,17.0,S
51.0,90.0,10.0,S
10.0,29.0,50.0,S
19.0,29.0,30.0,S
10.0,30.0,15.0,S
-15.0,-87.0,45.0,C
12.0,74.0,60.0,C
12.0,77.0,35.0,C
45.0,66.0,17.0,S
34.0,126.0,22.0,C
-30.0,53.0,20.0,S
-37.0,86.0,10.0,S
72.0,140.0,31.0,S
6.0,-178.0,45.0,O
52.0,49.0,26.0,S
1.0,-155.0,46.0,O
-8.0,-109.0,24.0,C
15.0,160.0,30.0,C
-10.0,-120.0,36.0,O
-10.0,-110.0,33.0,O
38.0,-17.0,45.0,C
10.0,-76.0,24.0,S
-9.0,-111.0,14.0,C
9.0,-78.0,22.0,S
56.0,107.0,7.0,S
4.0,-75.0,22.0,S
35.0,-130.0,35.0,S
24.0,-51.0,48.0,S
5.0,-55.0,30.0,C
37.0,-25.0,27.0,S
32.0,90.0,16.0,C
26.0,-30.0,43.0,C
33.0,81.0,10.0,S
15.0,10.0,45.0,O
50.0,19.0,23.0,S
25.0,-20.0,27.0,S
65.0,-138.0,46.0,C
7.0,87.0,27.0,C
-7.0,-70.0,18.0,C
-45.0,-162.0,16.0,S
7.0,32.0,45.0,S
0.0,100.0,30.0,S
6.0,86.0,16.0,C
0.0,138.0,17.0,C
-12.0,-90.0,30.0,S
13.0,-161.0,40.0,C
-12.0,-90.0,37.0,S
48.0,-18.0,13.0,S
-10.0,-90.0,20.0,S
-12.0,-80.0,31.0,C
26.0,-139.0,28.0,C
15.0,85.0,31.0,S
47.0,11.0,19.0,S
-37.0,-1.0,40.0,C
12.0,168.0,31.0,C
27.0,144.0,40.0,C
13.0,-165.0,46.0,C
-10.0,-162.0,35.0,S
9.0,-127.0,62.0,S
-6.0,-161.0,60.0,S
1.0,-69.0,27.0,S
31.0,-85.0,12.0,S
34.0,150.0,14.0,S
10.0,-170.0,45.0,O
-12.0,-120.0,21.0,C
4.0,-114.0,59.0,O
36.0,156.0,20.0,S
-7.0,-93.0,22.0,S
-20.0,20.0,17.0,S
7.0,-60.0,11.0,C
-6.0,-96.0,23.0,C
41.0,-93.0,42.0,S
-20.0,96.0,42.0,S
13.0,-50.0,14.0,S
-3.0,-41.0,33.0,S
32.0,-53.0,22.0,S
24.0,-60.0,39.0,S
-7.0,95.0,30.0,S
8.0,81.0,24.0,S
-7.0,64.0,9.0,S
-10.0,73.0,44.0,C
13.0,82.0,32.0,S
12.0,-88.0,20.0,C
6.0,95.0,26.0,C
11.0,-93.0,18.0,C
-11.0,-110.0,52.0,C
-13.0,-88.0,9.0,C
-9.0,-75.0,9.0,C
20.0,19.0,25.0,C
64.0,143.0,17.0,S
-4.0,-89.0,11.0,S
5.0,90.0,10.0,C
-27.0,-34.0,20.0,S
0.0,-90.0,8.0,S
-72.0,-5.0,16.0,S
-31.0,18.0,28.0,C
49.0,-100.0,37.0,S
-24.0,45.0,36.0,S
63.0,33.0,14.0,S
24.0,-97.0,38.0,S
24.0,-97.0,26.0,S
-80.0,58.0,18.0,S
2.0,-40.0,28.0,S
23.0,-60.0,12.0,S
24.0,-54.0,18.0,C
-9.0,-43.0,32.0,O
-37.0,-167.0,46.0,C
-36.0,-161.0,53.0,C
29.0,-110.0,35.0,C
49.0,-109.0,45.0,S
26.0,-53.0,43.0,S
-45.0,-95.0,31.0,C
30.0,-89.0,39.0,C
-4.0,110.0,52.0,S
29.0,-108.0,47.0,C
52.0,-64.0,17.0,S
15.0,-71.0,45.0,S
27.0,-58.0,50.0,S
37.0,-45.0,42.0,C
-29.0,-92.0,13.0,C
21.0,-26.0,52.0,C
57.0,99.0,14.0,S
21.0,100.0,21.0,S
30.0,30.0,21.0,C
-25.0,-50.0,25.0,S
-25.0,-100.0,21.0,S
43.0,-95.0,38.0,S
39.0,46.0,20.0,C
-42.0,29.0,32.0,C
73.0,-75.0,27.0,C
-28.0,-31.0,44.0,S
47.0,-98.0,22.0,S
49.0,-74.0,25.0,S
38.0,-41.0,9.0,C
53.0,-58.0,25.0,S
46.0,-32.0,21.0,S
24.0,-110.0,33.0,S
66.0,105.0,25.0,S
-2.0,-67.0,22.0,S
-36.0,149.0,25.0,S
-20.0,170.0,25.0,C
-33.0,90.0,30.0,S
25.0,-70.0,23.0,C
16.0,-47.0,28.0,S
20.0,100.0,41.0,S
26.0,-20.0,49.0,S
12.0,-50.0,33.0,S
23.0,93.0,32.0,S
4.0,3.0,51.0,S
-23.0,-90.0,20.0,S
46.0,90.0,26.0,S
14.0,76.0,44.0,S
5.0,80.0,38.0,C
70.0,175.0,30.0,S
5.0,90.0,30.0,S
21.0,100.0,34.0,O
77.0,-36.0,37.0,C
45.0,-93.0,20.0,S
-9.0,150.0,50.0,R
-35.0,-63.0,30.0,S
-15.0,-54.0,38.0,S
-3.0,-34.0,17.0,O
-30.0,5.0,29.0,C
-9.0,-20.0,45.0,C
-7.0,-90.0,14.0,C
6.0,-83.0,22.0,S
-43.0,23.0,25.0,C
29.0,-95.0,32.0,S
32.0,91.0,23.0,S
34.0,91.0,31.0,S
16.0,-75.0,20.0,S
-43.0,170.0,13.0,S
16.0,90.0,19.0,C
16.0,90.0,20.0,C
10.0,95.0,21.0,C
50.0,-160.0,20.0,C
1.0,116.0,16.0,C
39.0,121.0,32.0,S
69.0,-80.0,43.0,S
60.0,-40.0,25.0,C
53.0,75.0,42.0,S
-6.0,130.0,9.0,O
51.0,30.0,7.0,S
31.0,26.0,32.0,S
3.0,34.0,23.0,S
-49.0,-82.0,42.0,S
9.0,39.0,12.0,C
67.0,-102.0,20.0,C
-10.0,2.0,13.0,S
-19.0,31.0,16.0,C
7.0,-90.0,15.0,S
59.0,-100.0,30.0,S
72.0,-90.0,15.0,S
73.0,-90.0,15.0,S
74.0,-90.0,17.0,C
15.0,90.0,21.0,S
81.0,-90.0,14.0,C
3.0,-45.0,27.0,C
13.0,55.0,27.0,S
25.0,70.0,7.0,C
88.0,90.0,24.0,S
26.0,135.0,45.0,C
45.0,-45.0,25.0,S
35.0,85.0,20.0,S
44.0,-27.0,32.0,S
43.0,-12.0,20.0,S
62.0,78.0,20.0,S
-42.0,41.0,16.0,S
29.0,-80.0,27.0,S
60.0,130.0,35.0,O
86.0,90.0,26.0,C
36.0,-30.0,22.0,S
-26.0,-30.0,17.0,S
-58.0,7.0,53.0,S
60.0,130.0,13.0,S
0.0,-75.0,26.0,S
40.0,156.0,19.0,S
-26.0,-85.0,26.0,C
-26.0,-97.0,16.0,C
15.0,-82.0,35.0,S
62.0,-99.0,31.0,S
10.0,25.0,24.0,S
67.0,-75.0,44.0,C
26.0,53.0,14.0,S
23.0,-40.0,20.0,C
53.0,-54.0,16.0,S
-21.0,146.0,19.0,S
-21.0,-97.0,27.0,S
-47.0,-63.0,41.0,S
-1.0,-61.0,18.0,S
-1.0,-66.0,20.0,S
26.0,-65.0,41.0,O
0.0,-70.0,26.0,C
57.0,-73.0,21.0,S
-50.0,156.0,56.0,S
-7.0,-145.0,23.0,C
40.0,-110.0,45.0,S
48.0,-114.0,25.0,S
-6.0,-87.0,25.0,S
23.0,-63.0,29.0,S
26.0,-104.0,23.0,S
35.0,154.0,16.0,C
28.0,-32.0,17.0,C
7.0,-75.0,30.0,S
-60.0,90.0,45.0,S
-65.0,12.0,27.0,S
-50.0,-145.0,25.0,S
-23.0,135.0,45.0,C
-27.0,134.0,19.0,C
-5.0,138.0,16.0,C
-68.0,48.0,18.0,S
-32.0,-129.0,43.0,C
-9.0,107.0,18.0,S
37.0,55.0,36.0,S
21.0,88.0,34.0,S
0.0,44.0,30.0,S
-11.0,41.0,15.0,S
19.0,46.0,20.0,S
30.0,80.0,26.0,S
26.0,-70.0,30.0,S
-9.0,-176.0,46.0,S
71.0,61.0,26.0,S
3.0,-170.0,43.0,O
-33.0,-155.0,49.0,S
3.0,93.0,35.0,C
-9.0,-168.0,52.0,C
33.0,85.0,37.0,S
39.0,80.0,28.0,S
26.0,78.0,30.0,S
40.0,87.0,30.0,S
43.0,110.0,22.0,S
8.0,90.0,28.0,S
-20.0,-100.0,42.0,C
27.0,89.0,30.0,S
-18.0,-105.0,39.0,C
-6.0,-90.0,36.0,C
-11.0,-90.0,47.0,C
-12.0,-78.0,45.0,O
-11.0,-50.0,32.0,O
6.0,-45.0,37.0,O
12.0,-80.0,24.0,C
55.0,45.0,40.0,C
14.0,-80.0,24.0,S
-10.0,-30.0,45.0,O
12.0,-80.0,17.0,S
-59.0,15.0,34.0,S
-12.0,32.0,45.0,C
-5.0,-92.0,21.0,S
-5.0,64.0,20.0,S
-19.0,-40.0,15.0,C
-20.0,-87.0,33.0,S
-3.0,88.0,39.0,C
-11.0,72.0,15.0,S
6.0,58.0,10.0,S
14.0,20.0,27.0,S
-3.0,100.0,50.0,O
18.0,77.0,18.0,S
38.0,-97.0,33.0,S
-40.0,20.0,35.0,S
-43.0,-51.0,31.0,S
20.0,85.0,30.0,S
14.0,95.0,33.0,S
14.0,-126.0,55.0,C
28.0,-82.0,22.0,S
-12.0,95.0,18.0,S
16.0,-95.0,37.0,C
9.0,-95.0,39.0,S
-25.0,-29.0,36.0,O
-21.0,38.0,20.0,S
-14.0,95.0,24.0,S
-3.0,-36.0,29.0,S
55.0,90.0,31.0,S
11.0,-34.0,25.0,C
-9.0,-15.0,22.0,C
-15.0,45.0,45.0,C
-15.0,-105.0,15.0,S
63.0,151.0,35.0,O
-2.0,82.0,28.0,S
18.0,-70.0,30.0,S
31.0,-57.0,18.0,S
-1.0,61.0,42.0,C
55.0,-150.0,47.0,O
-4.0,90.0,24.0,S
-4.0,-90.0,33.0,S
-10.0,-90.0,36.0,S
32.0,-19.0,15.0,S
2.0,-92.0,18.0,S
-4.0,63.0,17.0,S
54.0,-102.0,38.0,C
21.0,13.0,20.0,S
22.0,46.0,19.0,S
-51.0,146.0,46.0,S
-23.0,-145.0,35.0,C
-34.0,126.0,42.0,S
-32.0,-90.0,34.0,S
44.0,-90.0,40.0,O
59.0,-90.0,30.0,O
20.0,80.0,50.0,C
54.0,-117.0,19.0,C
36.0,127.0,38.0,O
37.0,-126.0,14.0,C
11.0,134.0,51.0,C
25.0,100.0,25.0,C
12.0,165.0,40.0,O
42.0,121.0,28.0,S
26.0,-59.0,36.0,C
72.0,-158.0,35.0,C
45.0,152.0,43.0,S
50.0,-134.0,36.0,S
16.0,-168.0,48.0,C
4.0,-105.0,41.0,C
-8.0,95.0,32.0,S
3.0,-117.0,37.0,C
-28.0,88.0,37.0,S
-32.0,-31.0,50.0,S
-26.0,97.0,32.0,S
41.0,-105.0,46.0,C
-21.0,-107.0,27.0,C
45.0,-96.0,25.0,S
43.0,-85.0,38.0,S
-20.0,-85.0,32.0,S
15.0,-135.0,65.0,C
-20.0,-95.0,17.0,S
-16.0,-95.0,21.0,C
36.0,-100.0,38.0,S
42.0,-65.0,35.0,C
-11.0,26.0,29.0,C
-58.0,-120.0,31.0,S
31.0,-88.0,40.0,C
-20.0,-107.0,43.0,C
30.0,-24.0,24.0,S
-1.0,85.0,43.0,C
-3.0,66.0,21.0,S
35.0,-116.0,35.0,S
37.0,7.0,37.0,S
35.0,0.0,23.0,S
50.0,-72.0,35.0,C
-43.0,-43.0,28.0,S
51.0,14.0,25.0,C
49.0,-111.0,75.0,C
37.0,-143.0,56.0,C
55.0,134.0,20.0,S
-12.0,93.0,12.0,S
18.0,-82.0,32.0,S
-56.0,173.0,50.0,S
59.0,90.0,15.0,C
59.0,-12.0,24.0,S
11.0,-119.0,32.0,S
33.0,-63.0,32.0,S
13.0,-100.0,38.0,C
-3.0,80.0,33.0,S
-48.0,63.0,30.0,S
-33.0,-123.0,23.0,S
30.0,-31.0,43.0,C
46.0,22.0,44.0,S
-23.0,40.0,36.0,C
53.0,-41.0,18.0,C
-75.0,-105.0,45.0,S
-50.0,25.0,39.0,C
-1.0,90.0,21.0,S
34.0,45.0,18.0,S
30.0,-61.0,18.0,S
11.0,-80.0,29.0,S
44.0,52.0,23.0,S
15.0,-65.0,30.0,C
-19.0,90.0,40.0,O
23.0,-53.0,20.0,C
11.0,-50.0,45.0,O
-33.0,9.0,54.0,C
44.0,133.0,33.0,S
7.0,-8.0,47.0,O
-36.0,51.0,17.0,S
14.0,3.0,45.0,O
-25.0,80.0,41.0,C
40.0,35.0,25.0,S
26.0,26.0,14.0,C
-23.0,95.0,42.0,S
-5.0,100.0,29.0,S
23.0,46.0,41.0,O
3.0,133.0,45.0,O
44.0,-114.0,32.0,C
39.0,-73.0,30.0,C
-8.0,86.0,16.0,S
-31.0,-102.0,41.0,S
-54.0,90.0,8.0,S
-8.0,-20.0,15.0,S
13.0,27.0,40.0,S
-36.0,-61.0,28.0,S
-47.0,-60.0,32.0,S
47.0,104.0,34.0,S
47.0,100.0,45.0,S
17.0,-97.0,28.0,C
49.0,90.0,14.0,S
-10.0,-50.0,21.0,C
17.0,90.0,28.0,S
-50.0,-129.0,25.0,S
-50.0,168.0,29.0,S
80.0,-3.0,13.0,C
10.0,55.0,9.0,S
0.0,90.0,30.0,S
15.0,100.0,39.0,S
10.0,92.0,32.0,S
12.0,91.0,30.0,S
20.0,92.0,42.0,S
9.0,95.0,23.0,S
41.0,124.0,20.0,S
-28.0,70.0,26.0,S
-19.0,51.0,38.0,C
50.0,36.0,10.0,S
51.0,-12.0,10.0,S
-20.0,155.0,19.0,S
21.0,115.0,42.0,S
-43.0,-27.0,24.0,S
37.0,121.0,26.0,S
-75.0,-33.0,14.0,S
32.0,161.0,18.0,S
65.0,110.0,22.0,C
52.0,-107.0,29.0,C
42.0,168.0,44.0,S
68.0,-84.0,25.0,S
26.0,-137.0,36.0,S
-21.0,155.0,10.0,S
0.0,-30.0,10.0,S
16.0,-100.0,21.0,S
-30.0,-95.0,22.0,S
-18.0,-88.0,21.0,S
-25.0,-99.0,41.0,C
-36.0,-112.0,35.0,C
55.0,90.0,23.0,S
71.0,12.0,21.0,S
36.0,2.0,14.0,C
21.0,-100.0,20.0,S
-20.0,-56.0,23.0,S
-15.0,-55.0,34.0,C
47.0,108.0,41.0,S
60.0,-93.0,12.0,S
-2.0,86.0,6.0,S
-32.0,-122.0,13.0,S
52.0,75.0,32.0,C
-34.0,97.0,27.0,S
-22.0,36.0,41.0,C
-15.0,32.0,23.0,S
43.0,99.0,24.0,C
-21.0,44.0,41.0,C
21.0,59.0,21.0,C
21.0,-112.0,25.0,S
12.0,-105.0,41.0,S
65.0,-43.0,15.0,S
-6.0,139.0,27.0,S
51.0,-126.0,27.0,C
-33.0,-7.0,39.0,S
5.0,-2.0,27.0,O
3.0,-45.0,11.0,O
62.0,-100.0,24.0,S
-15.0,97.0,35.0,S
13.0,123.0,14.0,C
-34.0,63.0,38.0,S
-19.0,46.0,11.0,S
-17.0,-153.0,17.0,C
-6.0,74.0,32.0,S
56.0,-44.0,10.0,S
-11.0,92.0,23.0,S
51.0,112.0,17.0,S
74.0,158.0,36.0,S
-25.0,-105.0,14.0,C
-21.0,-1.0,10.0,C
29.0,102.0,35.0,S
-22.0,90.0,33.0,S
-43.0,10.0,23.0,S
-25.0,-20.0,55.0,S
-15.0,-26.0,18.0,S
45.0,38.0,38.0,S
42.0,36.0,29.0,S
59.0,90.0,20.0,S
55.0,-90.0,16.0,S
20.0,24.0,10.0,C
90.0,2.0,21.0,S
-13.0,-73.0,11.0,S
-26.0,7.0,38.0,C
-49.0,105.0,37.0,S
-17.0,-90.0,10.0,C
-23.0,51.0,40.0,O
-4.0,-70.0,20.0,C
-14.0,104.0,17.0,S
-31.0,-178.0,56.0,S
-33.0,-141.0,42.0,S
-14.0,-51.0,21.0,S
-9.0,-34.0,20.0,C
-28.0,-53.0,15.0,S
1.0,-88.0,10.0,S
22.0,-49.0,20.0,C
3.0,76.0,31.0,S
-26.0,-80.0,31.0,S
79.0,24.0,24.0,S
-55.0,-40.0,21.0,S
-15.0,49.0,37.0,C
34.0,116.0,50.0,C
-21.0,104.0,26.0,S
19.0,96.0,16.0,C
19.0,102.0,23.0,C
-12.0,95.0,30.0,C
-26.0,-93.0,27.0,S
-15.0,-107.0,11.0,S
-20.0,85.0,18.0,S
-21.0,-102.0,23.0,S
65.0,-130.0,32.0,S
-18.0,-95.0,17.0,C
46.0,-114.0,30.0,S
59.0,-119.0,30.0,C
24.0,166.0,20.0,S
3.0,-100.0,41.0,S
-15.0,-65.0,25.0,S
-15.0,-59.0,23.0,S
24.0,-104.0,31.0,S
7.0,-90.0,25.0,S
-13.0,37.0,43.0,C
10.0,-143.0,12.0,S
-6.0,-133.0,28.0,S
19.0,-90.0,21.0,S
-19.0,90.0,32.0,C
16.0,-73.0,20.0,S
3.0,-93.0,21.0,S
-20.0,-33.0,25.0,S
-15.0,151.0,28.0,S
-24.0,95.0,31.0,S
-22.0,-41.0,19.0,S
-4.0,-51.0,28.0,C
38.0,55.0,13.0,S
31.0,97.0,35.0,S
25.0,-109.0,32.0,C
25.0,63.0,22.0,C
-22.0,-121.0,44.0,S
-24.0,102.0,44.0,C
57.0,83.0,19.0,S
30.0,-100.0,24.0,S
18.0,53.0,25.0,S
8.0,76.0,33.0,S
-6.0,18.0,50.0,C
0.0,-95.0,18.0,S
-28.0,-96.0,30.0,S
-17.0,-61.0,15.0,S
-22.0,-44.0,47.0,C
26.0,36.0,39.0,C
-22.0,-41.0,31.0,S
-27.0,27.0,28.0,C
-28.0,31.0,41.0,C
11.0,-109.0,18.0,S
6.0,64.0,15.0,O
3.0,-25.0,32.0,S
5.0,-17.0,22.0,C
-14.0,107.0,30.0,S
-7.0,100.0,19.0,S
20.0,-160.0,28.0,S
-38.0,-97.0,29.0,C
-3.0,-160.0,44.0,C
-23.0,110.0,36.0,S
36.0,-118.0,15.0,S
11.0,103.0,27.0,S
37.0,118.0,7.0,S
11.0,48.0,29.0,S
-15.0,-115.0,30.0,C
26.0,-66.0,29.0,C
34.0,-66.0,18.0,S
13.0,-92.0,18.0,S
8.0,95.0,17.0,S
-16.0,-83.0,27.0,C
-3.0,-119.0,38.0,C
-13.0,-46.0,22.0,S
-3.0,-82.0,19.0,C
-1.0,-29.0,17.0,S
41.0,-46.0,13.0,S
12.0,-30.0,45.0,C
-8.0,-9.0,45.0,C
18.0,-91.0,19.0,S
23.0,-102.0,33.0,C
7.0,129.0,22.0,S
5.0,65.0,34.0,S
0.0,-58.0,32.0,S
-17.0,-82.0,21.0,S
-25.0,114.0,25.0,S
-20.0,-80.0,23.0,S
-11.0,-80.0,21.0,S
-15.0,-66.0,20.0,S
-21.0,-56.0,18.0,C
-60.0,-3.0,41.0,S
-43.0,155.0,46.0,C
-17.0,-45.0,33.0,C
-15.0,14.0,58.0,C
-23.0,23.0,14.0,C
-19.0,44.0,17.0,S
-34.0,73.0,37.0,O
-25.0,53.0,18.0,C
-26.0,-51.0,22.0,S
-5.0,115.0,29.0,S
-4.0,56.0,20.0,C
54.0,-100.0,27.0,S
-21.0,105.0,19.0,C
-83.0,28.0,33.0,S
-7.0,138.0,45.0,C
2.0,-120.0,17.0,S
-35.0,66.0,21.0,C
-24.0,46.0,14.0,C
22.0,-100.0,31.0,S
20.0,-100.0,45.0,S
51.0,-100.0,28.0,S
-30.0,31.0,45.0,S
8.0,-51.0,26.0,S
-70.0,1.0,31.0,S
-55.0,37.0,25.0,S
-31.0,27.0,32.0,S
-40.0,110.0,45.0,S
-38.0,2.0,22.0,C
-41.0,-78.0,15.0,S
13.0,85.0,32.0,S
-15.0,-110.0,27.0,S
-30.0,55.0,35.0,C
0.0,53.0,19.0,C
-24.0,85.0,35.0,C
-3.0,-51.0,25.0,C
-21.0,-93.0,16.0,S
25.0,60.0,25.0,S
-6.0,-26.0,20.0,C
15.0,-85.0,24.0,S
-32.0,122.0,33.0,S
-33.0,-90.0,20.0,S
-31.0,44.0,35.0,S
-11.0,58.0,27.0,S
55.0,-90.0,44.0,S
-23.0,38.0,12.0,S
48.0,-75.0,26.0,S
20.0,70.0,31.0,C
-22.0,90.0,37.0,C
14.0,-76.0,14.0,S
14.0,3.0,45.0,S
-30.0,151.0,21.0,C
9.0,85.0,31.0,S
-21.0,-37.0,25.0,C
-8.0,120.0,31.0,C
-26.0,-112.0,25.0,C
-20.0,-76.0,23.0,C
12.0,-131.0,21.0,C
5.0,-75.0,30.0,C
18.0,-104.0,20.0,S
-11.0,56.0,19.0,S
-15.0,80.0,35.0,S
22.0,89.0,45.0,S
-13.0,-107.0,25.0,C
25.0,90.0,12.0,C
-31.0,-70.0,27.0,S
-36.0,144.0,49.0,S
3.0,-92.0,28.0,S
-13.0,-68.0,21.0,C
34.0,20.0,39.0,S
-19.0,-90.0,19.0,C
48.0,95.0,20.0,S
50.0,95.0,32.0,C
19.0,114.0,28.0,C
1.0,90.0,44.0,C
3.0,100.0,17.0,S
-36.0,100.0,23.0,S
-12.0,90.0,22.0,S
-19.0,90.0,29.0,S
-26.0,-63.0,23.0,S
-63.0,-26.0,23.0,S
23.0,10.0,20.0,C
47.0,-100.0,30.0,S
-24.0,134.0,42.0,S
-32.0,48.0,18.0,S
-22.0,73.0,24.0,S
-22.0,-102.0,30.0,S
-26.0,46.0,12.0,S
30.0,-80.0,32.0,S
-22.0,95.0,19.0,S
50.0,19.0,48.0,S
23.0,14.0,31.0,S
30.0,-45.0,13.0,S
0.0,120.0,33.0,C
-24.0,97.0,15.0,S
14.0,-65.0,20.0,S
-29.0,23.0,26.0,S
28.0,-53.0,36.0,S
34.0,-24.0,35.0,C
32.0,-110.0,31.0,S
-16.0,-173.0,44.0,S
30.0,107.0,24.0,S
23.0,110.0,21.0,S
18.0,-122.0,10.0,S
-30.0,-85.0,25.0,S
4.0,43.0,36.0,S
9.0,58.0,37.0,C
13.0,5.0,38.0,S
7.0,-109.0,10.0,S
24.0,115.0,40.0,C
43.0,121.0,40.0,S
7.0,-163.0,45.0,S
5.0,-165.0,45.0,C
31.0,118.0,10.0,S
55.0,-102.0,24.0,S
3.0,-29.0,29.0,S
25.0,-26.0,18.0,S
3.0,-26.0,25.0,S
28.0,-143.0,29.0,S
39.0,-102.0,13.0,C
37.0,-120.0,15.0,S
37.0,-120.0,22.0,C
3.0,-37.0,36.0,S
-16.0,53.0,14.0,S
4.0,59.0,27.0,S
11.0,90.0,15.0,S
-18.0,95.0,18.0,S
33.0,-2.0,16.0,S
49.0,31.0,35.0,S
-31.0,-114.0,25.0,S
15.0,-85.0,12.0,C
22.0,44.0,20.0,C
38.0,93.0,11.0,C
3.0,-50.0,12.0,S
-17.0,82.0,26.0,S
-9.0,87.0,12.0,S
18.0,-46.0,11.0,S
-13.0,-92.0,19.0,C
17.0,68.0,36.0,O
8.0,83.0,30.0,S
26.0,88.0,17.0,S
-2.0,148.0,15.0,C
-19.0,87.0,25.0,S
-33.0,91.0,10.0,S
-30.0,90.0,20.0,S
-20.0,90.0,20.0,S
19.0,-90.0,32.0,S
25.0,70.0,19.0,C
30.0,90.0,35.0,S
-25.0,100.0,17.0,S
-19.0,149.0,30.0,C
-8.0,156.0,22.0,S
-30.0,156.0,31.0,S
7.0,133.0,13.0,S
-15.0,-130.0,41.0,S
35.0,-165.0,41.0,C
-26.0,-122.0,22.0,S
25.0,-90.0,20.0,S
33.0,-95.0,18.0,S
16.0,-44.0,22.0,C
9.0,-50.0,27.0,S
82.0,-170.0,40.0,C
11.0,-166.0,42.0,S
27.0,158.0,20.0,S
-29.0,95.0,25.0,S
6.0,100.0,32.0,S
-20.0,95.0,28.0,S
37.0,-147.0,42.0,C
24.0,36.0,34.0,S
9.0,43.0,31.0,S
-25.0,93.0,15.0,S
-11.0,-139.0,35.0,S
25.0,-95.0,45.0,C
4.0,-43.0,20.0,S
10.0,99.0,17.0,C
-20.0,161.0,17.0,S
24.0,-96.0,14.0,S
10.0,166.0,18.0,C
10.0,172.0,20.0,C
0.0,-180.0,50.0,C
-29.0,180.0,28.0,S
37.0,140.0,36.0,S
33.0,45.0,32.0,C
36.0,59.0,7.0,C
18.0,105.0,32.0,S
22.0,-89.0,19.0,S
33.0,-65.0,20.0,S
-1.0,-50.0,13.0,C
-26.0,76.0,25.0,C
-33.0,59.0,15.0,S
-3.0,-10.0,35.0,S
-2.0,-22.0,29.0,C
-15.0,51.0,27.0,S
-12.0,51.0,28.0,S
23.0,-140.0,27.0,C
2.0,95.0,35.0,C
36.0,64.0,26.0,S
15.0,70.0,40.0,C
-2.0,91.0,16.0,C
-12.0,92.0,19.0,S
7.0,10.0,45.0,S
14.0,-168.0,33.0,C
-25.0,12.0,24.0,S
5.0,-66.0,25.0,S
-4.0,-168.0,14.0,S
-2.0,95.0,10.0,C
45.0,-64.0,14.0,S
0.0,93.0,22.0,C
29.0,128.0,26.0,S
19.0,-70.0,22.0,S
0.0,104.0,24.0,S
25.0,-70.0,25.0,S
-4.0,161.0,16.0,C
54.0,-109.0,31.0,S
10.0,-75.0,19.0,S
16.0,-107.0,20.0,C
9.0,-114.0,29.0,S
25.0,82.0,25.0,S
-7.0,-82.0,13.0,C
9.0,-102.0,24.0,S
-22.0,68.0,24.0,S
35.0,-87.0,27.0,S
6.0,114.0,23.0,S
-14.0,26.0,32.0,S
22.0,160.0,10.0,C
-20.0,120.0,31.0,C
-24.0,80.0,24.0,S
5.0,89.0,12.0,C
-18.0,-122.0,43.0,C
9.0,90.0,14.0,S
-1.0,-68.0,17.0,S
-15.0,-95.0,14.0,S
5.0,99.0,12.0,S
-6.0,-110.0,34.0,S
13.0,-90.0,14.0,S
18.0,-83.0,10.0,S
11.0,99.0,15.0,S
9.0,-104.0,17.0,S
-21.0,-62.0,18.0,S
16.0,122.0,17.0,S
23.0,93.0,25.0,S
-23.0,15.0,33.0,S
25.0,80.0,17.0,S
-64.0,70.0,38.0,S
-14.0,80.0,26.0,S
7.0,-65.0,23.0,C
18.0,-73.0,23.0,C
17.0,100.0,32.0,S
-20.0,87.0,20.0,S
0.0,93.0,12.0,C
37.0,-92.0,22.0,S
10.0,-22.0,37.0,S
-21.0,-175.0,45.0,S
-17.0,-153.0,35.0,S
-17.0,41.0,15.0,S
25.0,-48.0,10.0,S
-21.0,-109.0,23.0,S
-24.0,-93.0,25.0,C
21.0,92.0,15.0,S
20.0,0.0,27.0,S
34.0,65.0,11.0,S
8.0,80.0,12.0,S
23.0,88.0,21.0,S
-20.0,-95.0,23.0,S
33.0,116.0,19.0,S
23.0,90.0,24.0,S
-28.0,90.0,28.0,S
10.0,-145.0,42.0,C
25.0,-92.0,24.0,S
-20.0,-92.0,14.0,S
19.0,114.0,17.0,S
16.0,92.0,12.0,S
28.0,92.0,22.0,S
-18.0,-66.0,30.0,S
-37.0,-4.0,30.0,S
14.0,133.0,27.0,S
-18.0,126.0,17.0,S
0.0,36.0,18.0,S
3.0,124.0,10.0,S
23.0,26.0,35.0,S
-1.0,-100.0,10.0,S
23.0,-49.0,27.0,C
-27.0,-93.0,10.0,S
-11.0,170.0,16.0,S
7.0,146.0,19.0,S
-16.0,-93.0,15.0,S
1.0,112.0,31.0,S
15.0,168.0,32.0,S
23.0,59.0,34.0,S
14.0,26.0,14.0,S
20.0,99.0,16.0,S
-2.0,-94.0,22.0,S
-5.0,-126.0,21.0,S
1.0,-127.0,19.0,C
-3.0,-122.0,19.0,S
5.0,124.0,19.0,S
-20.0,97.0,15.0,S
-20.0,49.0,18.0,S
21.0,71.0,13.0,C
13.0,-124.0,11.0,S
-10.0,-99.0,25.0,S
20.0,-73.0,23.0,S
31.0,1.0,48.0,S
5.0,-166.0,11.0,S
9.0,89.0,24.0,S
-6.0,100.0,30.0,S
23.0,135.0,27.0,C
3.0,-90.0,14.0,C
10.0,31.0,26.0,S
34.0,-100.0,24.0,S
8.0,-126.0,52.0,S
1.0,-97.0,20.0,S
3.0,-80.0,24.0,S
-18.0,104.0,15.0,S
-27.0,126.0,20.0,S
34.0,-104.0,15.0,C
-10.0,-105.0,20.0,C
-33.0,-93.0,26.0,S
3.0,100.0,22.0,S
1.0,-90.0,36.0,C
10.0,-155.0,10.0,C
11.0,90.0,15.0,S
0.0,-48.0,14.0,S
11.0,160.0,11.0,C
16.0,-80.0,21.0,S
21.0,105.0,26.0,S
16.0,129.0,31.0,C
10.0,100.0,22.0,C
10.0,-111.0,22.0,S
-7.0,-99.0,13.0,S
-2.0,98.0,27.0,S
29.0,33.0,34.0,S
-15.0,162.0,27.0,S
-30.0,178.0,30.0,S
27.0,93.0,10.0,S
18.0,148.0,10.0,C
-1.0,93.0,18.0,S
16.0,-173.0,12.0,S
26.0,-110.0,17.0,S
4.0,88.0,27.0,S
11.0,12.0,42.0,S
29.0,-90.0,11.0,S
29.0,-44.0,20.0,C
31.0,-43.0,18.0,C
1.0,116.0,20.0,S
1.0,-75.0,27.0,S
-12.0,56.0,32.0,S
8.0,89.0,17.0,S
-20.0,85.0,22.0,S
27.0,51.0,13.0,S
-11.0,-90.0,26.0,S
13.0,105.0,16.0,S
-2.0,-80.0,35.0,S
15.0,127.0,36.0,S
14.0,127.0,17.0,S
12.0,125.0,19.0,S
-24.0,-10.0,23.0,S
16.0,-88.0,26.0,S
14.0,-58.0,14.0,S
-9.0,-96.0,19.0,S
-3.0,-61.0,16.0,S
1.0,-68.0,18.0,S
-11.0,78.0,26.0,S
20.0,54.0,21.0,C
15.0,65.0,17.0,S
9.0,63.0,30.0,C
13.0,61.0,19.0,S
18.0,75.0,12.0,C
22.0,90.0,10.0,S
15.0,95.0,34.0,S
26.0,99.0,13.0,S
22.0,95.0,27.0,S
28.0,100.0,13.0,S
-15.0,-31.0,19.0,S
-55.0,-140.0,45.0,S
15.0,128.0,25.0,S
10.0,109.0,21.0,S
-11.0,-37.0,21.0,S
14.0,-173.0,24.0,S
11.0,-168.0,22.0,S
14.0,-169.0,45.0,S
42.0,-64.0,41.0,S
23.0,146.0,11.0,C
6.0,-149.0,35.0,C
4.0,136.0,22.0,S
16.0,-3.0,15.0,S
-4.0,-100.0,10.0,S
-3.0,-78.0,16.0,C
21.0,-76.0,50.0,C
0.0,-87.0,27.0,S
34.0,-10.0,34.0,C
16.0,78.0,16.0,S
-3.0,-66.0,23.0,C
43.0,-45.0,51.0,S
30.0,88.0,15.0,S
2.0,-97.0,17.0,C
-10.0,31.0,16.0,S
8.0,-102.0,20.0,S
12.0,-45.0,26.0,S
-6.0,-92.0,15.0,S
-23.0,4.0,25.0,S
-12.0,-90.0,13.0,C
-7.0,12.0,26.0,S
-25.0,21.0,14.0,S
30.0,114.0,30.0,S
-12.0,-102.0,26.0,S
-2.0,-53.0,15.0,S
-9.0,104.0,22.0,S
-7.0,-92.0,23.0,S
-22.0,-100.0,15.0,S
8.0,55.0,10.0,C
-14.0,-56.0,23.0,S
-3.0,-26.0,26.0,S
-9.0,-112.0,25.0,S
9.0,37.0,22.0,S
-2.0,87.0,25.0,S
-5.0,95.0,24.0,S
-9.0,87.0,13.0,S
3.0,107.0,19.0,S
-6.0,109.0,25.0,S
-22.0,96.0,14.0,S
0.0,-134.0,18.0,S
16.0,-84.0,33.0,C
-2.0,-80.0,26.0,S
37.0,17.0,39.0,S
-4.0,-101.0,13.0,S
8.0,82.0,13.0,S
0.0,95.0,16.0,S
11.0,-105.0,12.0,C
1.0,126.0,20.0,S
35.0,-15.0,20.0,S
-1.0,-41.0,15.0,C
33.0,-27.0,24.0,S
9.0,30.0,30.0,S
-3.0,40.0,22.0,C
-9.0,40.0,49.0,C
9.0,65.0,10.0,C
9.0,59.0,39.0,C
4.0,80.0,32.0,S
3.0,-48.0,16.0,S
1.0,120.0,30.0,S
2.0,121.0,28.0,C
13.0,154.0,33.0,C
-4.0,170.0,46.0,R
4.0,-136.0,38.0,C
30.0,-90.0,19.0,S
32.0,-49.0,23.0,S
-4.0,-68.0,32.0,S
11.0,-61.0,25.0,C
-9.0,-109.0,21.0,S
18.0,-11.0,10.0,S
-15.0,-87.0,16.0,S
29.0,-163.0,25.0,S
7.0,36.0,19.0,S
20.0,-71.0,18.0,S
4.0,80.0,11.0,S
14.0,81.0,10.0,S
3.0,90.0,32.0,C
-6.0,26.0,25.0,C
-10.0,10.0,46.0,O
-8.0,83.0,24.0,S
-15.0,23.0,44.0,O
-4.0,99.0,30.0,O
-13.0,51.0,13.0,C
-16.0,53.0,16.0,S
20.0,-71.0,20.0,S
-4.0,51.0,21.0,S
-5.0,53.0,21.0,S
-3.0,54.0,20.0,S
-9.0,82.0,35.0,S
2.0,92.0,33.0,S
-12.0,85.0,54.0,R
-9.0,-36.0,22.0,S
-1.0,119.0,29.0,S
-6.0,119.0,25.0,C
-14.0,139.0,21.0,S
9.0,-165.0,30.0,C
-3.0,-161.0,21.0,S
-3.0,-163.0,49.0,O
-33.0,-163.0,29.0,C
-9.0,-80.0,16.0,S
41.0,175.0,10.0,C
-3.0,-87.0,12.0,S
-4.0,-32.0,24.0,S
14.0,-35.0,17.0,S
-3.0,49.0,29.0,S
-14.0,117.0,27.0,S
-7.0,97.0,32.0,S
2.0,121.0,29.0,S
20.0,160.0,35.0,S
-6.0,110.0,32.0,S
22.0,139.0,29.0,C
13.0,168.0,19.0,C
14.0,154.0,25.0,C
22.0,-73.0,18.0,S
-9.0,-110.0,24.0,S
-12.0,-110.0,25.0,S
-11.0,-110.0,24.0,C
-5.0,-108.0,29.0,S
-38.0,-122.0,33.0,O
-9.0,-117.0,42.0,O
9.0,-119.0,12.0,C
27.0,153.0,16.0,S
-12.0,-59.0,27.0,S
-3.0,-70.0,33.0,S
21.0,-91.0,15.0,S
-3.0,169.0,8.0,S
-8.0,143.0,15.0,S
-9.0,138.0,24.0,S
11.0,90.0,27.0,S
4.0,-58.0,27.0,S
8.0,88.0,25.0,S
-7.0,-42.0,26.0,S
-5.0,-55.0,35.0,S
11.0,90.0,33.0,S
30.0,-90.0,13.0,C
10.0,-27.0,31.0,S
23.0,58.0,30.0,S
-9.0,126.0,24.0,S
18.0,144.0,32.0,S
-15.0,-27.0,26.0,S
25.0,-39.0,18.0,S
0.0,138.0,15.0,S
-3.0,-90.0,14.0,C
19.0,129.0,19.0,S
21.0,112.0,17.0,S
-18.0,66.0,31.0,C
28.0,123.0,16.0,S
-4.0,-81.0,23.0,S
-7.0,22.0,49.0,C
-3.0,92.0,16.0,S
-5.0,127.0,27.0,S
15.0,117.0,25.0,S
4.0,61.0,18.0,S
-12.0,-12.0,29.0,S
-12.0,-15.0,18.0,S
-4.0,-54.0,16.0,S
0.0,102.0,28.0,S
-3.0,119.0,24.0,S
-3.0,-129.0,18.0,S
-12.0,-116.0,21.0,S
5.0,-141.0,20.0,S
-11.0,-69.0,29.0,S
-17.0,-71.0,24.0,S
-6.0,-95.0,17.0,S
-3.0,-95.0,26.0,S
-14.0,117.0,24.0,S
1.0,-155.0,33.0,C
-13.0,50.0,19.0,S
7.0,-153.0,20.0,S
5.0,91.0,11.0,S
0.0,-110.0,17.0,S
9.0,-102.0,23.0,S
-16.0,92.0,33.0,S
9.0,-31.0,12.0,S
9.0,109.0,21.0,S
15.0,-76.0,21.0,S
-4.0,97.0,22.0,S
0.0,105.0,16.0,S
-5.0,-10.0,22.0,S
8.0,124.0,35.0,S
-10.0,-96.0,10.0,S
-3.0,146.0,14.0,S
11.0,129.0,28.0,S
14.0,-50.0,27.0,S
-16.0,0.0,13.0,S
10.0,0.0,19.0,S
-4.0,-10.0,35.0,S
-21.0,-95.0,16.0,S
-9.0,36.0,12.0,S
1.0,116.0,19.0,S
-2.0,131.0,19.0,S
-22.0,7.0,23.0,S
-6.0,-105.0,20.0,S
-15.0,-115.0,24.0,C
9.0,-50.0,20.0,S
-27.0,45.0,18.0,S
2.0,-97.0,15.0,S
-4.0,30.0,14.0,S
13.0,-95.0,15.0,S
-2.0,-105.0,13.0,S
-3.0,-107.0,16.0,S
-1.0,-105.0,14.0,S
-12.0,54.0,12.0,S
6.0,44.0,23.0,S
2.0,107.0,17.0,S
-10.0,-178.0,26.0,S
7.0,3.0,27.0,S
0.0,-133.0,12.0,S
1.0,14.0,41.0,C
3.0,-124.0,22.0,C
-5.0,-44.0,12.0,S
1.0,-149.0,22.0,S
2.0,90.0,30.0,S
11.0,117.0,27.0,S
9.0,87.0,26.0,S
3.0,93.0,16.0,S
-3.0,165.0,28.0,C
11.0,-114.0,18.0,S
0.0,-176.0,19.0,C
-13.0,-149.0,23.0,S
18.0,-104.0,22.0,S
-12.0,-129.0,25.0,C
12.0,-75.0,31.0,C
20.0,-58.0,15.0,S
9.0,-66.0,29.0,S
9.0,-39.0,25.0,S
14.0,-36.0,33.0,S
16.0,-37.0,10.0,S
-15.0,-71.0,23.0,S
-12.0,-75.0,32.0,C
-5.0,10.0,24.0,S
0.0,2.0,28.0,S
-15.0,-15.0,26.0,C
-13.0,10.0,27.0,C
-10.0,116.0,18.0,S
-14.0,104.0,20.0,S
9.0,31.0,10.0,S
-19.0,-170.0,13.0,S
-1.0,-6.0,7.0,S
-3.0,133.0,23.0,C
-1.0,-1.0,2.0,S
-12.0,-90.0,16.0,S
8.0,111.0,5.0,S
-7.0,46.0,13.0,S
-6.0,85.0,3.0,S
90.0,4.0,23.0,S
6.0,-92.0,21.0,S
-14.0,5.0,12.0,S
6.0,-105.0,6.0,S
6.0,-47.0,16.0,S
-4.0,1.0,6.0,S
5.0,-91.0,15.0,S
1.0,90.0,26.0,S
-5.0,3.0,17.0,S
9.0,33.0,12.0,S
7.0,-90.0,5.0,S
-2.0,-91.0,8.0,S
-1.0,-85.0,12.0,S
-4.0,-88.0,10.0,S
-11.0,152.0,20.0,S
-2.0,9.0,19.0,S
-5.0,12.0,6.0,S
5.0,-115.0,17.0,S
2.0,-17.0,10.0,S
2.0,-45.0,21.0,S
-2.0,-40.0,19.0,S
4.0,-167.0,18.0,S
-3.0,-40.0,7.0,S
19.0,-9.0,24.0,S
2.0,-138.0,18.0,S
5.0,20.0,16.0,S
7.0,-20.0,10.0,S
1.0,-117.0,24.0,S
2.0,-50.0,9.0,S
-2.0,166.0,23.0,S
-2.0,-144.0,25.0,S
-1.0,31.0,30.0,S
-2.0,-15.0,16.0,S
3.0,61.0,24.0,S
-6.0,52.0,11.0,S
-3.0,135.0,12.0,S
-2.0,85.0,12.0,S
4.0,-75.0,11.0,S
-9.0,39.0,15.0,S
-3.0,-155.0,15.0,S
-5.0,10.0,18.0,S
-11.0,-106.0,5.0,S
4.0,136.0,24.0,S
2.0,-114.0,18.0,S
-5.0,-50.0,29.0,S
-6.0,-120.0,22.0,S
2.0,-141.0,25.0,S
9.0,-107.0,29.0,S
-5.0,87.0,12.0,S
-18.0,-168.0,18.0,S
-2.0,41.0,9.0,S
-4.0,-43.0,15.0,S
-8.0,19.0,13.0,S
1.0,43.0,7.0,S
-6.0,-73.0,27.0,S
-7.0,-32.0,20.0,C
-12.0,12.0,25.0,S
-2.0,80.0,33.0,S
4.0,-55.0,14.0,S
4.0,105.0,12.0,S
11.0,25.0,25.0,S
8.0,-5.0,23.0,S
14.0,-160.0,12.0,S
7.0,74.0,19.0,S
-3.0,-68.0,24.0,S
-7.0,-86.0,19.0,S
-1.0,105.0,16.0,S
-7.0,75.0,16.0,S
2.0,82.0,30.0,S
-2.0,-58.0,32.0,S
9.0,85.0,12.0,S
-8.0,-25.0,29.0,C
14.0,98.0,13.0,S
4.0,150.0,26.0,S
-10.0,-112.0,5.0,S
-11.0,-35.0,9.0,C
13.0,76.0,10.0,S
6.0,-70.0,30.0,S
-12.0,-111.0,24.0,S
-13.0,88.0,17.0,S
14.0,-50.0,26.0,S
2.0,-45.0,13.0,S
-3.0,130.0,19.0,S
9.0,-45.0,14.0,S
-3.0,40.0,13.0,S
0.0,83.0,22.5,S
6.0,56.0,9.0,S
6.0,-138.0,32.0,S
17.0,-132.0,30.0,S
1.0,-139.0,16.0,S
17.0,56.0,24.0,S
1.0,44.0,12.0,S
-9.0,-42.0,17.0,S
1.0,97.0,11.0,S
4.0,98.0,22.5,S
-2.0,99.0,20.0,S
-4.0,173.0,31.0,S
1.0,-65.0,30.0,S
-3.0,-151.0,26.0,C
1.0,-10.0,19.0,S
-1.0,-124.0,20.5,S
-8.0,31.0,23.0,S
-6.0,80.0,15.0,S
-14.0,88.0,17.0,S
5.0,-80.0,14.0,S
15.0,0.0,16.0,S
-20.0,-60.0,26.0,S
1.0,-141.0,25.0,S
-14.0,-145.0,26.0,S
-19.0,-107.0,19.0,S
-20.0,-127.0,19.0,S
17.0,-43.0,15.0,C
-18.0,-51.0,18.0,S
-4.0,85.0,30.0,S
3.0,-39.0,15.5,O
3.0,-37.0,13.0,O
8.0,-50.0,12.0,S
-5.0,-30.0,27.0,S
1.0,-17.0,35.0,S
-24.0,-68.0,32.0,S
-10.0,-148.0,42.0,C
-11.0,-150.0,10.0,S
6.0,-100.0,32.0,C
-10.0,67.0,15.0,S
-6.0,-75.0,58.0,O
-16.0,90.0,25.5,S
-24.0,-93.0,11.0,S
-21.3,-78.5,15.0,S
8.3,-45.0,35.0,C
-5.0,-130.8,20.0,S
-21.0,12.0,41.0,O
-13.0,42.0,22.5,S
-5.0,-79.0,20.5,S
3.0,-121.0,26.0,C
-13.2,-55.0,19.5,S
16.4,-122.3,10.0,S
5.9,116.0,29.5,S
-10.0,61.0,15.0,S
1.0,-8.0,32.0,S
-22.0,15.0,25.0,S
-26.0,44.0,30.0,C
-14.0,45.0,27.5,S
-13.6,-178.7,17.5,S
15.0,44.0,31.0,C
16.0,36.0,12.0,S
-15.0,58.0,33.0,S
4.0,38.0,22.0,S
-9.0,45.0,24.5,S
-9.0,50.0,29.0,S
-11.0,-20.0,10.0,S
-17.0,45.0,5.0,S
-16.0,15.0,22.0,S
1.0,39.0,19.0,S
4.0,75.0,23.0,S
26.0,-109.0,29.0,S
9.0,52.0,20.0,S
-11.0,104.0,23.0,S
26.0,-122.0,22.0,S
8.0,57.0,22.0,S
11.0,58.0,16.0,S
9.0,-87.0,21.0,S
15.0,52.0,10.0,S
-1.0,166.0,17.5,S
2.0,-153.0,11.0,S
-24.0,-110.0,11.0,S
-8.0,58.0,29.0,S
-3.0,90.0,15.0,S
2.0,-115.0,10.0,S
-29.0,-42.0,15.0,C
-3.0,-31.0,8.0,S
3.0,105.0,15.0,S
-20.0,-35.0,7.0,S
1.0,102.0,25.0,S
-18.0,-31.0,50.0,C
-17.0,-20.0,22.0,C
7.0,-103.0,30.0,S
-37.0,-30.0,13.5,S
7.3,-49.1,27.5,S
-5.0,46.0,18.0,S
4.0,70.0,28.0,S
-6.0,84.0,26.0,S
-3.0,68.0,24.0,S
10.0,180.0,27.0,S
-9.0,90.0,25.0,S
3.0,-86.0,23.0,S
-2.0,-90.0,11.0,S
1.0,0.0,11.0,S
-10.0,165.0,31.0,C
23.0,-115.0,12.0,S
8.0,-34.0,16.0,S
-38.0,-95.0,17.0,S
6.0,-20.0,35.0,S
13.0,-40.0,19.0,S
10.0,24.0,30.0,S
-23.0,-43.0,20.0,S
9.0,46.0,21.0,S
-24.0,-32.0,10.0,S
-5.0,-140.0,20.0,S
-9.0,168.0,27.5,S
0.0,-26.0,11.0,S
1.0,-150.0,21.0,S
-4.0,19.0,28.0,S
6.0,-110.0,19.0,S
-10.0,-110.0,25.0,S
-7.0,-134.0,13.0,S
2.0,179.0,21.0,S
3.0,-134.0,10.0,S
-8.0,-125.0,38.0,C
10.0,23.0,21.0,S
-2.0,-90.0,26.0,S
-7.0,-37.0,28.0,C
8.0,70.0,18.0,S
-13.0,-8.0,30.0,C
7.0,37.0,23.0,S
-15.0,-41.0,23.0,C
21.0,155.0,27.0,S
-18.0,7.0,22.0,S
-6.0,-47.0,32.0,S
-6.0,-121.0,26.0,S
11.0,-109.0,25.0,S
-1.0,-114.0,26.0,C
-7.0,101.0,29.0,S
10.0,-114.0,21.0,S
18.0,-117.0,24.0,S
-20.0,-134.0,22.0,S
2.0,-90.0,15.0,S
5.0,-78.0,40.0,C
-4.0,-10.0,27.0,C
12.0,-60.0,45.0,C
1.0,-48.0,23.0,S
10.0,-8.0,27.0,S
-4.0,0.0,14.0,S
8.0,39.0,20.0,S
3.0,78.0,20.0,S
7.0,86.0,26.0,S
-5.0,-110.0,24.0,S
-1.0,-100.0,19.0,S
11.0,51.0,37.0,S
-3.0,-20.0,21.0,C
15.0,-17.0,20.0,C
13.0,25.0,26.0,C
5.0,22.0,26.0,C
8.0,25.0,31.0,C
1.0,27.0,23.0,C
6.0,35.0,11.0,C
-13.0,65.0,26.0,S
-5.0,-145.0,18.0,S
-8.0,87.0,22.0,S
-9.0,62.0,46.0,C
-16.0,63.0,18.0,S
5.0,73.0,20.0,S
-17.0,73.0,14.0,S
-18.0,68.0,15.0,S
-14.0,71.0,16.0,S
-13.0,78.0,10.0,S
2.0,157.0,19.0,C
-19.0,-47.0,28.0,C
3.0,-42.0,17.0,S
-8.0,43.0,19.0,S
-7.0,47.0,20.0,S
-2.0,-16.0,10.0,S
6.0,105.0,31.0,C
11.0,116.0,27.0,C
12.0,-122.0,34.0,O
-15.0,-128.0,29.0,C
-30.0,148.0,20.0,S
-2.0,-34.0,32.0,S
17.0,67.0,21.0,S
-11.0,-27.0,17.0,S
-6.0,170.0,28.0,S
-4.0,-107.0,27.0,S
-5.0,-90.0,37.0,S
26.0,47.0,5.0,S
-9.0,77.0,24.0,S
-7.0,83.0,33.0,S
-6.0,-100.0,24.0,S
0.0,36.0,30.0,S
17.0,100.0,22.0,S
-2.0,102.0,35.0,S
18.0,131.0,38.0,O
-1.0,-10.0,11.0,S
12.0,-90.0,18.0,S
12.0,-94.0,19.0,S
-2.0,90.0,31.0,S
-2.0,92.0,29.0,S
-7.0,97.0,23.0,S
15.0,90.0,20.0,S
-3.0,68.0,13.0,S
-1.0,89.0,23.0,C
6.0,93.0,31.0,S
-12.0,45.0,23.0,S
6.0,59.0,19.0,S
12.0,95.0,29.0,S
17.0,91.0,27.0,S
4.0,90.0,37.0,C
1.0,97.0,28.0,S
2.0,-20.0,14.0,S
8.0,-165.0,34.0,C
0.0,108.0,22.0,S
8.0,-159.0,23.0,C
12.0,-158.0,31.0,C
1.0,112.0,40.0,S
-7.0,-28.0,28.0,S
-23.0,121.0,27.0,C
1.0,178.0,57.0,C
12.0,-110.0,22.0,S
-2.0,-90.0,32.0,C
6.0,-119.0,15.0,S
-9.0,-170.0,50.0,R
-43.0,-160.0,16.0,C
1.0,-135.0,47.0,O
18.0,-90.0,10.0,S
-1.0,-121.0,32.0,S
1.0,-122.0,15.0,S
26.0,-43.0,29.0,C
19.0,53.0,12.0,S
-10.0,57.0,10.0,S
6.0,37.0,24.0,S
-1.0,24.0,27.0,S
-5.0,-89.0,19.0,S
-17.0,82.0,21.0,S
-8.0,-78.0,18.0,C
-3.0,-46.0,39.0,C
-5.0,-66.0,26.0,S
6.0,63.0,32.0,S
-17.0,-19.0,36.0,C
-2.0,-25.0,33.0,S
18.0,40.0,26.0,S
-17.0,-85.0,11.0,C
-2.0,42.0,15.0,S
-4.0,-9.0,36.0,S
-5.0,49.0,19.0,S
-12.0,39.0,29.0,S
1.0,-134.0,21.0,S
-12.0,51.0,27.0,S
-2.0,92.0,22.0,S
-5.0,90.0,24.0,S
-1.0,51.0,26.0,S
3.0,33.0,33.0,S
-10.0,159.0,25.0,C
-33.0,-116.0,21.0,S
-14.0,-145.0,12.0,C
5.0,-146.0,31.0,S
-9.0,-55.0,14.0,S
-11.0,-136.0,28.0,S
-6.0,90.0,25.0,S
-15.0,-102.0,15.0,S
-11.0,-85.0,14.0,S
-17.0,-110.0,22.0,S
6.0,-133.0,24.0,C
-22.0,-136.0,29.0,C
-43.0,-14.0,28.0,S
-1.0,-90.0,27.0,S
11.0,-1.0,35.0,S
5.0,109.0,38.0,S
8.0,-36.0,33.0,S
20.0,105.0,15.0,C
-20.0,-90.0,15.0,S
7.0,-39.0,27.0,S
12.0,-20.0,45.0,C
-4.0,-15.0,33.0,S
-10.0,-2.0,45.0,S
-12.0,72.0,29.0,C
-31.0,88.0,18.0,C
-30.0,86.0,16.0,S
-31.0,91.0,14.0,C
-10.0,110.0,26.0,O
-29.0,99.0,17.0,C
-17.0,100.0,14.0,C
-18.0,109.0,11.0,C
-19.0,105.0,37.0,C
-7.0,74.0,38.0,C
-17.0,99.0,16.0,C
-39.0,145.0,31.0,C
2.0,-5.0,10.0,S
-34.0,131.0,11.0,S
7.0,0.0,45.0,C
7.0,114.0,29.0,S
-12.0,117.0,22.0,C
-13.0,56.0,40.0,S
-43.0,154.0,18.0,S
-35.0,-160.0,26.0,S
-38.0,-174.0,22.0,S
-40.0,-160.0,18.0,S
8.0,-94.0,14.0,S
-39.0,-153.0,10.0,S
-29.0,-117.0,39.0,C
-26.0,-148.0,29.0,C
20.0,-95.0,37.0,S
6.0,9.0,31.0,S
-27.0,-90.0,11.0,S
6.0,99.0,21.0,S
-30.0,-127.0,38.0,S
-39.0,-135.0,20.0,S
-35.0,-148.0,24.0,S
-30.0,-61.0,22.0,C
-41.0,-100.0,24.0,C
30.0,158.0,42.0,C
-29.0,-24.0,19.0,C
-26.0,93.0,22.0,S
-10.0,116.0,28.0,C
-25.0,0.0,17.0,S
-13.0,-124.0,36.0,S
-17.0,15.0,38.0,S
-14.0,-32.0,48.0,S
-21.0,-16.0,32.0,S
-21.0,15.0,10.0,C
-40.0,55.0,15.0,S
-20.0,98.0,18.0,O
-13.0,29.0,24.0,S
-12.0,30.0,25.0,S
-26.0,59.0,17.0,S
-20.0,54.0,18.0,S
-17.0,43.0,45.0,C
-26.0,62.0,12.0,S
-5.0,64.0,37.0,S
0.0,78.0,30.0,S
-4.0,34.0,27.0,S
4.0,86.0,22.0,S
-28.0,107.0,23.0,C
-51.0,9.0,19.0,S
-8.0,19.0,34.0,S
-18.0,101.0,16.0,S
-1.0,37.0,16.0,S
9.0,90.0,12.0,S
6.0,9.0,45.0,C
6.0,88.0,30.0,S
11.0,88.0,24.0,S
36.0,-60.0,10.0,S
12.0,-65.0,26.0,S
-1.0,30.0,35.0,C
17.0,97.0,15.0,S
1.0,74.0,33.0,C
10.0,135.0,34.0,C
12.0,56.0,14.0,S
18.0,105.0,21.0,S
-3.0,-85.0,22.0,S
-21.0,-123.0,42.0,C
1.0,91.0,32.0,S
5.0,-1.0,38.0,C
2.0,107.0,37.0,S
6.0,83.0,14.0,S
-13.0,58.0,17.0,S
-14.0,-93.0,29.0,S
11.0,-131.0,30.0,S
-1.0,-149.0,27.0,S
-14.0,-80.0,24.0,S
8.0,-121.0,21.0,C
-5.0,-124.0,24.0,S
-3.0,-114.0,27.0,S
-18.0,-54.0,11.0,S
19.0,-117.0,16.0,S
0.0,-38.0,37.0,S
-17.0,-160.0,39.0,C
-15.0,-149.0,17.0,S
25.0,-90.0,30.0,S
8.0,-90.0,25.0,C
2.0,-90.0,33.0,C
16.0,-88.0,13.0,S
-13.0,-27.0,33.0,S
-23.0,-88.0,29.0,S
-11.0,-5.0,40.0,S
18.0,116.0,29.0,S
-17.0,0.0,49.0,O
-40.0,98.0,18.0,C
0.0,-34.0,30.0,S
-25.0,48.0,47.0,C
11.0,154.0,25.0,S
-30.0,32.0,32.0,C
-19.0,43.0,49.0,C
16.0,-5.0,51.0,O
-24.0,53.0,29.0,S
-14.0,90.0,35.0,S
-11.0,-121.0,20.0,C
17.0,-65.0,30.0,S
-20.0,-102.0,15.0,S
-16.0,90.0,45.0,C
-6.0,-93.0,21.0,S
-5.0,-83.0,27.0,S
7.0,69.0,23.0,S
11.0,-94.0,27.0,S
-18.0,47.0,21.0,S
-10.0,44.0,24.0,S
-10.0,94.0,27.0,S
11.0,-80.0,26.0,S
10.0,-109.0,26.0,S
19.0,-51.0,12.0,S
4.0,115.0,45.0,O
2.0,100.0,37.0,C
18.0,-81.0,15.0,S
-26.0,146.0,32.0,C
5.0,68.0,28.0,S
-24.0,160.0,49.0,S
-21.0,161.0,38.0,S
2.0,115.0,42.0,S
-34.0,-22.0,22.0,S
2.0,127.0,38.0,C
10.0,49.0,19.0,S
7.0,-114.0,10.0,C
8.0,158.0,39.0,S
13.0,90.0,27.0,C
-20.0,-85.0,16.0,S
-30.0,-6.0,27.0,S
-16.0,-3.0,31.0,C
11.0,-78.0,24.0,S
-6.0,179.0,29.0,C
18.0,-39.0,29.0,C
-21.0,-126.0,13.0,S
13.0,-90.0,11.0,S
-19.0,-5.0,27.0,C
-17.0,42.0,15.0,S
12.0,26.0,20.0,S
-25.0,91.0,23.0,S
-20.0,94.0,36.0,C
-22.0,107.0,28.0,C
-9.0,80.0,48.0,S
-15.0,100.0,26.0,S
-21.0,100.0,30.0,C
-18.0,109.0,41.0,C
-26.0,-1.0,38.0,S
13.0,69.0,12.0,S
-7.0,115.0,44.0,C
-41.0,-5.0,45.0,S
-6.0,90.0,10.0,C
-7.0,90.0,10.0,S
-34.0,90.0,36.0,C
-25.0,35.0,12.0,C
-8.0,-125.0,10.0,C
20.0,-116.0,16.0,S
-4.0,-149.0,11.0,S
14.0,-105.0,11.0,C
27.0,-125.0,14.0,S
-6.0,-121.0,16.0,C
-13.0,-120.0,10.0,S
-9.0,-90.0,15.0,C
-43.0,-63.0,10.0,S
9.0,8.0,18.0,S
2.0,-42.0,24.0,C
-19.0,94.0,13.0,S
-14.0,-44.0,10.0,C
-14.0,78.0,15.0,S
-3.0,-14.0,10.0,S
-5.0,58.0,10.0,S
-6.0,-68.0,30.0,S
-2.0,-80.0,25.0,S
-4.0,-93.0,21.0,S
16.0,-166.0,28.0,S
-6.0,-90.0,35.0,C
-1.0,-13.0,31.0,S
-26.0,-2.0,21.0,C
-15.0,-19.0,38.0,S
2.0,71.0,41.0,S
-10.0,-15.0,10.0,C
-24.0,5.0,33.0,S
-26.0,37.0,10.0,S
-34.0,44.0,10.0,C
-9.0,-14.0,10.0,C
-9.0,-123.0,7.0,S
-38.0,89.0,12.0,C
-22.0,70.0,19.0,C
-36.0,-14.0,38.0,S
8.0,-142.0,26.0,S
-39.0,92.0,10.0,S
-19.0,58.0,14.0,S
-20.0,61.0,22.0,S
-18.0,50.0,25.0,S
-5.0,67.0,21.0,S
-54.0,-3.0,22.0,S
16.0,-140.0,29.0,S
-30.0,-24.0,21.0,S
6.0,-134.0,16.0,S
-30.0,122.0,27.0,C
-2.0,95.0,27.0,S
-19.0,100.0,24.0,S
-34.0,24.0,23.0,S
8.0,-101.0,12.0,S
-19.0,104.0,17.0,S
34.0,107.0,27.0,C
-17.0,119.0,29.0,S
37.0,118.0,13.0,S
-41.0,-139.0,18.0,S
28.0,-158.0,14.0,S
-18.0,43.0,35.0,S
-19.0,105.0,37.0,S
-5.0,-131.0,31.0,S
29.0,-160.0,17.0,S
32.0,-160.0,17.0,C
37.0,-133.0,20.0,C
7.0,-130.0,31.0,S
33.0,-177.0,53.0,O
32.0,-130.0,12.0,S
-10.0,-109.0,26.0,S
26.0,-146.0,39.0,O
32.0,-146.0,15.0,S
2.0,-126.0,25.0,S
14.0,-149.0,30.0,C
5.0,-114.0,23.0,C
35.0,-124.0,38.0,O
14.0,-103.0,23.0,C
3.0,41.0,21.0,S
10.0,-104.0,17.0,C
31.0,-85.0,14.0,C
-20.0,46.0,40.0,O
23.0,32.0,42.0,S
17.0,30.0,32.0,S
34.0,5.0,25.0,S
33.0,31.0,13.0,S
-16.0,-125.0,29.0,C
12.0,30.0,22.0,C
28.0,56.0,28.0,S
4.0,53.0,47.0,C
-13.0,10.0,22.0,S
-9.0,-124.0,19.0,S
1.0,97.0,44.0,O
2.0,37.0,40.0,C
-22.0,-99.0,11.0,S
-14.0,-58.0,48.0,C
23.0,-148.0,23.0,S
15.0,-138.0,16.0,S
12.0,-17.0,36.0,S
11.0,-17.0,10.0,C
34.0,82.0,15.0,S
-5.0,38.0,10.0,C
7.0,-91.0,26.0,S
7.0,-131.0,27.0,S
28.0,6.0,25.0,S
-36.0,-10.0,19.0,S
15.0,-122.0,20.0,S
19.0,114.0,26.0,S
-6.0,-138.0,44.0,C
17.0,-174.0,31.0,C
-34.0,-125.0,13.0,S
13.0,-105.0,22.0,S
3.0,-9.0,45.0,C
42.0,-163.0,38.0,S
20.0,39.0,28.0,S
-9.0,-124.0,32.0,S
-26.0,92.0,27.0,S
21.0,32.0,24.0,C
19.0,61.0,20.0,S
28.0,-95.0,25.0,S
-30.0,99.0,19.0,S
-34.0,54.0,22.0,S
-22.0,93.0,37.0,C
9.0,50.0,32.0,S
18.0,-83.0,16.0,C
11.0,142.0,30.0,C
4.0,53.0,28.0,C
-1.0,58.0,28.0,S
23.0,-107.0,10.0,S
10.0,70.0,33.0,S
11.0,80.0,34.0,S
-26.0,75.0,25.0,S
-25.0,-22.0,35.0,S
30.0,90.0,18.0,S
-18.0,-5.0,40.0,C
2.0,-2.0,31.0,S
30.0,-38.0,21.0,S
7.0,48.0,20.0,S
-19.0,85.0,12.0,S
-20.0,-63.0,40.0,S
-4.0,-103.0,10.0,S
14.0,144.0,49.0,C
1.0,88.0,48.0,S
-23.0,-24.0,20.0,S
-8.0,-90.0,31.0,S
-17.0,94.0,42.0,C
-38.0,-14.0,13.0,S
0.0,96.0,43.0,S
4.0,100.0,31.0,S
10.0,109.0,25.0,S
-33.0,-75.0,14.0,S
-11.0,75.0,41.0,S
-17.0,-168.0,25.0,S
30.0,-158.0,51.0,R
-35.0,110.0,24.0,S
7.0,151.0,45.0,C
16.0,-54.0,31.0,S
27.0,-39.0,25.0,C
19.0,104.0,31.0,S
36.0,-114.0,21.0,C
20.0,-33.0,45.0,S
-18.0,-32.0,30.0,S
31.0,-110.0,19.0,C
30.0,-93.0,25.0,C
-34.0,139.0,27.0,S
4.0,48.0,10.0,S
37.0,95.0,31.0,S
45.0,53.0,10.0,S
45.0,71.0,28.0,S
28.0,-102.0,30.0,S
37.0,105.0,19.0,S
34.0,140.0,28.0,S
-18.0,111.0,17.0,C
-12.0,-83.0,44.0,S
31.0,22.0,15.0,S
-16.0,117.0,31.0,S
20.0,15.0,17.0,S
0.0,-99.0,27.0,S
-6.0,-52.0,25.0,S
23.0,22.0,21.0,S
0.0,-39.0,28.0,S
-28.0,123.0,27.0,S
-17.0,-56.0,28.0,S
21.0,92.0,37.0,S
-9.0,-111.0,28.0,S
-8.0,-121.0,28.0,S
-4.0,-121.0,28.0,S
6.0,21.0,31.0,S
-22.0,-96.0,27.0,S
18.0,173.0,26.0,S
10.0,43.0,34.0,C
-14.0,-34.0,29.0,S
-21.0,-53.0,34.0,C
12.0,-93.0,12.0,C
16.0,10.0,61.0,C
15.0,-90.0,15.0,C
-23.0,65.0,33.0,C
-32.0,67.0,28.0,S
37.0,-52.0,10.0,S
-7.0,93.0,19.0,S
-34.0,11.0,19.0,S
-6.0,92.0,18.0,S
-19.0,102.0,37.0,C
-36.0,-160.0,45.0,C
1.0,-25.0,50.0,C
19.0,-78.0,27.0,S
-7.0,124.0,28.0,S
-16.0,119.0,27.0,S
-25.0,120.0,15.0,S
12.0,-117.0,33.0,S
-22.0,100.0,37.0,S
-27.0,-25.0,21.0,S
8.0,-27.0,37.0,S
-6.0,-116.0,25.0,S
-32.0,148.0,60.0,C
-27.0,102.0,22.0,S
27.0,-109.0,34.0,S
-21.0,-90.0,10.0,C
-8.0,-27.0,45.0,C
14.0,-95.0,22.0,S
13.0,156.0,35.0,S
-32.0,-53.0,23.0,S
7.0,12.0,45.0,C
3.0,3.0,50.0,C
19.0,-175.0,52.0,O
0.0,15.0,40.0,C
-17.0,-158.0,33.0,S
34.0,-98.0,32.0,S
-3.0,48.0,35.0,C
27.0,-80.0,30.0,S
-15.0,54.0,45.0,O
-4.0,22.0,35.0,C
31.0,58.0,15.0,C
21.0,110.0,35.0,S
-24.0,110.0,33.0,C
20.0,-44.0,41.0,C
-20.0,-20.0,26.0,S
18.0,112.0,31.0,S
5.0,121.0,19.0,S
27.0,148.0,52.0,C
-31.0,-40.0,43.0,S
-32.0,19.0,35.0,S
26.0,-144.0,29.0,C
-15.0,90.0,21.0,S
25.0,-136.0,12.0,C
22.0,-138.0,22.0,C
-22.0,-103.0,15.0,S
-6.0,2.0,46.0,C
5.0,-166.0,44.0,C
-29.0,91.0,17.0,S
10.0,-163.0,56.0,C
-14.0,138.0,33.0,S
-11.0,-131.0,38.0,C
31.0,20.0,30.0,S
-15.0,-117.0,43.0,C
-47.0,166.0,20.0,C
-9.0,-104.0,38.0,C
-18.0,-105.0,38.0,C
-20.0,-100.0,26.0,S
30.0,127.0,45.0,C
27.0,122.0,18.0,C
-25.0,95.0,25.0,S
-40.0,-177.0,26.0,C
-4.0,-74.0,43.0,C
-16.0,147.0,48.0,C
-26.0,71.0,27.0,S
-28.0,109.0,31.0,S
32.0,-82.0,13.0,C
-3.0,107.0,23.0,S
20.0,107.0,26.0,S
-13.0,109.0,45.0,S
-55.0,-80.0,21.0,C
-35.0,104.0,27.0,S
-27.0,99.0,36.0,C
-18.0,101.0,30.0,C
-31.0,107.0,33.0,S
-24.0,116.0,36.0,S
-17.0,105.0,32.0,S
20.0,-24.0,23.0,S
-27.0,133.0,40.0,S
-31.0,138.0,29.0,S
-7.0,-73.0,10.0,S
-17.0,-110.0,43.0,C
-38.0,56.0,24.0,S
34.0,1.0,20.0,C
-20.0,-92.0,18.0,S
-21.0,-92.0,34.0,S
-21.0,-95.0,44.0,C
-26.0,-162.0,36.0,S
-11.0,-90.0,35.0,C
22.0,24.0,26.0,C
24.0,-107.0,36.0,C
46.0,25.0,31.0,C
-13.0,-77.0,39.0,S
-32.0,-102.0,27.0,S
29.0,28.0,36.0,C
33.0,124.0,29.0,C
47.0,43.0,24.0,O
-38.0,-100.0,32.0,S
21.0,37.0,48.0,O
-2.0,104.0,40.0,S
18.0,-143.0,29.0,S
1.0,103.0,37.0,C
4.0,108.0,47.0,C
15.0,-156.0,26.0,S
6.0,109.0,25.0,C
38.0,-74.0,26.0,S
21.0,114.0,34.0,C
22.0,51.0,14.0,O
28.0,76.0,10.0,O
-33.0,175.0,39.0,S
11.0,126.0,31.0,S
-27.0,-94.0,26.0,S
54.0,93.0,22.0,O
15.0,-12.0,31.0,S
-39.0,-100.0,32.0,S
-54.0,-168.0,36.0,S
-45.0,-142.0,24.0,S
-18.0,-97.0,35.0,O
-15.0,48.0,19.0,S
35.0,-29.0,42.0,S
-7.0,100.0,15.0,S
21.0,41.0,28.0,S
-38.0,-85.0,24.0,S
-35.0,-78.0,24.0,C
-33.0,-48.0,40.0,C
-33.0,-133.0,15.0,S
-29.0,-134.0,15.0,S
-1.0,-134.0,36.0,O
-33.0,68.0,28.0,S
10.0,-138.0,30.0,O
-31.0,-22.0,39.0,S
-33.0,-46.0,38.0,C
-4.0,-123.0,43.0,S
-5.0,-131.0,43.0,C
-3.0,117.0,50.0,C
13.0,-124.0,34.0,C
8.0,-60.0,22.0,C
23.0,-52.0,23.0,C
14.0,-98.0,28.0,C
-26.0,137.0,30.0,C
14.0,-90.0,37.0,C
-11.0,83.0,35.0,C
32.0,139.0,30.0,S
-40.0,151.0,27.0,C
27.0,-89.0,10.0,C
-32.0,155.0,27.0,S
4.0,-87.0,23.0,S
13.0,-147.0,23.0,C
-43.0,-78.0,17.0,O
-38.0,-75.0,21.0,C
-2.0,-39.0,34.0,C
-37.0,-2.0,19.0,S
12.0,-6.0,28.0,S
26.0,95.0,18.0,C
6.0,177.0,34.0,C
35.0,98.0,31.0,S
-28.0,-131.0,26.0,S
25.0,178.0,31.0,S
24.0,164.0,26.0,S
-11.0,40.0,22.0,C
28.0,25.0,33.0,C
-35.0,-157.0,35.0,S
-59.0,-64.0,26.0,S
-4.0,-76.0,20.0,C
-5.0,18.0,42.0,S
46.0,-168.0,50.0,C
-73.0,-16.0,14.0,S
25.0,-136.0,37.0,C
-11.0,-90.0,33.0,S
-33.0,154.0,38.0,C
20.0,-134.0,33.0,C
-13.0,-120.0,48.0,O
-29.0,43.0,34.0,C
7.0,95.0,33.0,S
19.0,-97.0,27.0,S
10.0,85.0,10.0,S
-11.0,-127.0,25.0,S
-25.0,-166.0,44.0,C
-31.0,92.0,20.0,S
26.0,-100.0,17.0,S
18.0,48.0,17.0,O
-29.0,-122.0,20.0,C
4.0,11.0,22.0,S
-8.0,38.0,44.0,C
27.0,-29.0,28.0,S
-34.0,-54.0,16.0,C
-13.0,51.0,26.0,C
21.0,180.0,54.0,C
57.0,161.0,24.0,S
52.0,124.0,18.0,S
-51.0,-37.0,27.0,C
54.0,-156.0,38.0,S
77.0,-28.0,17.0,S
-44.0,-59.0,24.0,S
-38.0,-2.0,36.0,C
13.0,-97.0,39.0,S
-40.0,-75.0,10.0,S
-3.0,-39.0,46.0,O
-45.0,65.0,35.0,C
-20.0,-53.0,15.0,S
18.0,-122.0,13.0,C
-15.0,68.0,27.0,C
12.0,-174.0,56.0,C
-2.0,-83.0,10.0,C
34.0,179.0,13.0,C
-17.0,-155.0,15.0,S
38.0,-167.0,11.0,S
-9.0,-156.0,11.0,S
35.0,-161.0,14.0,S
44.0,-149.0,12.0,S
-49.0,110.0,36.0,S
20.0,-119.0,10.0,C
38.0,158.0,27.0,C
-51.0,87.0,31.0,C
60.0,107.0,10.0,S
-66.0,-3.0,23.0,S
6.0,-12.0,10.0,C
24.0,44.0,23.0,C
-18.0,24.0,15.0,S
-5.0,-80.0,15.0,S
55.0,-61.0,24.0,S
-33.0,20.0,10.0,C
-6.0,-66.0,39.0,S
-51.0,90.0,10.0,C
19.0,-90.0,23.0,S
-22.0,82.0,18.0,C
20.0,35.0,22.0,S
19.0,92.0,26.0,S
-36.0,148.0,51.0,C
35.0,36.0,29.0,C
-1.0,-9.0,45.0,S
26.0,-26.0,27.0,S
3.0,78.0,17.0,C
8.0,81.0,17.0,C
18.0,2.0,21.0,S
3.0,99.0,25.0,S
-36.0,133.0,33.0,C
3.0,78.0,34.0,S
38.0,95.0,33.0,O
17.0,162.0,47.0,C
13.0,58.0,10.0,S
47.0,-73.0,18.0,C
-63.0,180.0,11.0,S
6.0,-2.0,30.0,S
26.0,105.0,28.0,C
11.0,99.0,18.0,C
-36.0,43.0,16.0,S
9.0,97.0,27.0,S
-24.0,27.0,42.0,C
5.0,119.0,26.0,C
-33.0,-131.0,16.0,S
47.0,129.0,36.0,S
-42.0,-105.0,10.0,S
9.0,109.0,20.0,S
-14.0,97.0,11.0,C
3.0,104.0,28.0,S
-52.0,80.0,27.0,O
-15.0,100.0,21.0,S
2.0,-33.0,47.0,C
-7.0,88.0,39.0,O
22.0,145.0,33.0,S
24.0,30.0,24.0,O
18.0,-178.0,25.0,S
-61.0,75.0,14.0,O
7.0,116.0,35.0,C
12.0,54.0,17.0,C
13.0,-153.0,37.0,S
2.0,-90.0,26.0,S
14.0,-103.0,18.0,C
22.0,-9.0,10.0,S
5.0,-78.0,10.0,S
3.0,-70.0,11.0,S
21.0,12.0,41.0,C
4.0,-90.0,10.0,C
3.0,-71.0,10.0,C
10.0,-70.0,15.0,S
41.0,2.0,16.0,S
0.0,55.0,10.0,S
18.0,15.0,31.0,C
38.0,-117.0,38.0,S
-55.0,37.0,32.0,C
-14.0,44.0,33.0,S
24.0,76.0,25.0,C
-26.0,-107.0,10.0,S
27.0,139.0,27.0,C
-37.0,22.0,35.0,S
-23.0,-99.0,10.0,C
-25.0,79.0,10.0,C
24.0,-63.0,17.0,S
-25.0,-51.0,22.0,O
11.0,-18.0,25.0,C
8.0,2.0,45.0,O
53.0,-146.0,35.0,S
-2.0,-151.0,21.0,S
-29.0,80.0,14.0,C
21.0,121.0,31.0,O
-18.0,-178.0,47.0,O
4.0,175.0,45.0,O
-45.0,95.0,34.0,C
-31.0,147.0,24.0,C
14.0,-173.0,15.0,S
-48.0,-168.0,43.0,S
-51.0,-124.0,36.0,S
-35.0,-160.0,27.0,C
-42.0,-66.0,33.0,C
26.0,-125.0,15.0,C
12.0,81.0,19.0,C
3.0,55.0,19.0,S
32.0,52.0,26.0,C
12.0,85.0,10.0,S
-15.0,27.0,17.0,C
24.0,138.0,31.0,S
8.0,91.0,10.0,C
-21.0,39.0,20.0,C
-22.0,-110.0,10.0,S
9.0,109.0,20.0,C
-26.0,-63.0,10.0,C
-26.0,-172.0,59.0,C
-1.0,-151.0,18.0,C
6.0,99.0,10.0,S
6.0,-151.0,17.0,C
39.0,99.0,40.0,S
-2.0,122.0,11.0,C
-60.0,-163.0,20.0,S
59.0,114.0,45.0,S
-38.0,-124.0,14.0,C
16.0,-95.0,29.0,O
9.0,107.0,18.0,S
4.0,121.0,14.0,C
12.0,-80.0,14.0,O
23.0,112.0,29.0,S
25.0,-127.0,28.0,S
24.0,-124.0,25.0,S
13.0,162.0,27.0,S
1.0,-112.0,15.0,S
-31.0,-80.0,52.0,S
-6.0,56.0,14.0,S
-55.0,66.0,10.0,C
-23.0,-44.0,39.0,C
14.0,-65.0,34.0,S
-55.0,40.0,25.0,C
27.0,-70.0,17.0,S
-33.0,-35.0,20.0,C
54.0,0.0,15.0,C
51.0,15.0,19.0,C
0.0,-146.0,10.0,S
0.0,-112.0,12.0,S
-46.0,117.0,18.0,C
5.0,-119.0,19.0,S
43.0,-44.0,19.0,C
4.0,-124.0,17.0,C
-25.0,-9.0,26.0,C
-18.0,-1.0,27.0,S
-43.0,-12.0,18.0,S
-42.0,-12.0,15.0,S
-35.0,-19.0,23.0,S
-3.0,7.0,40.0,C
-38.0,-4.0,32.0,S
-30.0,43.0,38.0,C
-25.0,-6.0,37.0,C
-25.0,-10.0,35.0,C
-28.0,7.0,43.0,C
-27.0,8.0,23.0,C
-26.0,18.0,49.0,C
-14.0,7.0,49.0,O
3.0,90.0,18.0,C
28.0,-161.0,10.0,S
-32.0,46.0,26.0,C
-33.0,49.0,47.0,C
-24.0,53.0,34.0,C
-40.0,51.0,10.0,S
-36.0,61.0,20.0,C
3.0,95.0,28.0,S
-49.0,-90.0,10.0,C
-15.0,90.0,35.0,S
-65.0,-2.0,29.0,S
-50.0,-9.0,18.0,S
-33.0,100.0,22.0,S
-13.0,92.0,13.0,S
46.0,104.0,23.0,S
4.0,168.0,30.0,S
1.0,12.0,31.0,S
8.0,-68.0,14.0,S
-26.0,49.0,38.0,S
-27.0,141.0,28.0,C
-16.0,73.0,38.0,C
0.0,63.0,42.0,S
-13.0,56.0,40.0,O
-33.0,70.0,11.0,C
50.0,-75.0,13.0,S
1.0,80.0,22.0,S
-8.0,80.0,37.0,O
52.0,-43.0,23.0,C
-30.0,-90.0,11.0,C
-1.0,-1.0,45.0,S
-43.0,114.0,12.0,O
-18.0,97.0,30.0,C
16.0,65.0,17.0,C
-12.0,73.0,16.0,S
-47.0,97.0,10.0,O
-50.0,76.0,10.0,O
-45.0,100.0,10.0,O
-57.0,151.0,14.0,C
18.0,143.0,27.0,C
-47.0,-44.0,35.0,S
-18.0,110.0,21.0,S
-5.0,150.0,55.0,O
-32.0,121.0,18.0,C
-33.0,126.0,16.0,C
-16.0,-124.0,10.0,S
-28.0,-31.0,37.0,C
-48.0,-92.0,13.0,S
-13.0,-25.0,34.0,C
-33.0,-104.0,18.0,S
-25.0,177.0,60.0,O
0.0,-149.0,45.0,C
-20.0,-45.0,25.0,C
-17.0,3.0,29.0,S
-25.0,116.0,39.0,S
-18.0,-76.0,16.0,C
43.0,-12.0,25.0,S
53.0,-20.0,22.0,C
-54.0,-38.0,30.0,S
0.0,-85.0,17.0,S
53.0,180.0,19.0,S
-8.0,17.0,10.0,S
-6.0,-95.0,26.0,S
-17.0,66.0,35.0,S
-26.0,55.0,14.0,S
-23.0,55.0,45.0,C
50.0,10.0,30.0,S
25.0,95.0,39.0,S
-31.0,53.0,34.0,C
4.0,-90.0,32.0,S
-24.0,-90.0,10.0,C
-10.0,43.0,10.0,C
32.0,139.0,24.0,S
-8.0,53.0,25.0,S
-13.0,76.0,31.0,S
13.0,-75.0,36.0,S
12.0,17.0,38.0,S
9.0,-90.0,21.0,O
-7.0,71.0,41.0,C
3.0,-88.0,36.0,O
-39.0,126.0,45.0,C
11.0,-66.0,32.0,O
-36.0,-65.0,31.0,S
-29.0,-90.0,34.0,C
-4.0,110.0,32.0,C
3.0,-112.0,26.0,S
10.0,-30.0,22.0,O
0.0,-30.0,14.0,S
16.0,124.0,12.0,S
12.0,-124.0,37.0,S
40.0,30.0,10.0,C
21.0,-105.0,42.0,S
1.0,82.0,23.0,C
43.0,-32.0,10.0,C
-8.0,90.0,20.0,C
16.0,31.0,13.0,C
5.0,61.0,14.0,C
5.0,28.0,40.0,C
17.0,35.0,15.0,S
24.0,37.0,23.0,C
28.0,146.0,21.0,S
12.0,126.0,10.0,C
34.0,49.0,29.0,O
-29.0,-30.0,48.0,S
26.0,58.0,33.0,C
44.0,65.0,25.0,C
42.0,78.0,34.0,O
-30.0,-4.0,39.0,C
-39.0,36.0,22.0,C
-6.0,-129.0,21.0,S
42.0,92.0,10.0,C
-5.0,-133.0,32.0,S
2.0,-122.0,31.0,S
-2.0,-126.0,37.0,S
38.0,30.0,45.0,S
3.0,125.0,39.0,C
-49.0,-83.0,39.0,S
11.0,-97.0,33.0,S
49.0,155.0,26.0,C
-20.0,-61.0,40.0,S
34.0,-97.0,16.0,S
-3.0,78.0,10.0,O
2.0,82.0,10.0,O
61.0,179.0,29.0,C
3.0,87.0,10.0,C
14.0,38.0,44.0,S
9.0,29.0,34.0,S
-6.0,-75.0,25.0,S
14.0,64.0,45.0,S
7.0,61.0,42.0,S
-31.0,-12.0,24.0,S
23.0,90.0,46.0,S
54.0,-121.0,10.0,C
-54.0,31.0,32.0,S
-44.0,40.0,32.0,S
1.0,73.0,28.0,C
-31.0,50.0,22.0,S
1.0,146.0,37.0,S
13.0,112.0,20.0,C
17.0,104.0,10.0,C
28.0,168.0,37.0,S
13.0,87.0,26.0,C
26.0,173.0,22.0,S
16.0,92.0,26.0,C
-47.0,-144.0,13.0,C
28.0,97.0,29.0,C
-51.0,-134.0,22.0,S
21.0,73.0,21.0,S
43.0,-151.0,23.0,S
-22.0,-75.0,19.0,S
-34.0,107.0,37.0,S
-68.0,153.0,26.0,S
-5.0,90.0,39.0,S
11.0,-107.0,17.0,C
16.0,-73.0,20.0,S
-22.0,-90.0,13.0,C
13.0,-68.0,22.0,C
-2.0,114.0,35.0,S
-1.0,100.0,31.0,S
-25.0,27.0,46.0,S
9.0,117.0,10.0,S
14.0,-149.0,16.0,C
37.0,-46.0,24.0,S
-7.0,-63.0,43.0,S
48.0,82.0,10.0,S
-11.0,-133.0,51.0,S
50.0,88.0,10.0,S
24.0,80.0,35.0,C
65.0,-105.0,20.0,S
-2.0,-145.0,37.0,S
-39.0,-24.0,18.0,S
14.0,63.0,10.0,C
54.0,-49.0,15.0,C
-35.0,-28.0,14.0,S
-37.0,-4.0,22.0,S
-45.0,-34.0,31.0,S
52.0,-37.0,16.0,C
-43.0,-12.0,19.0,S
-35.0,-60.0,44.0,S
39.0,97.0,10.0,C
42.0,117.0,15.0,C
-21.0,-65.0,47.0,S
-9.0,-49.0,23.0,S
-3.0,98.0,36.0,S
-14.0,-2.0,22.0,C
42.0,175.0,10.0,C
-14.0,29.0,21.0,S
47.0,-65.0,21.0,S
-20.0,9.0,20.0,S
2.0,46.0,23.0,S
-9.0,36.0,38.0,S
25.0,59.0,41.0,S
15.0,46.0,30.0,S
9.0,75.0,19.0,S
4.0,83.0,20.0,S
-63.0,-13.0,17.0,S
22.0,-95.0,10.0,S
14.0,-136.0,12.0,C
-32.0,41.0,13.0,S
-14.0,36.0,18.0,S
52.0,2.0,27.0,S
-14.0,114.0,20.0,C
-4.0,92.0,21.0,S
-11.0,54.0,15.0,S
-3.0,105.0,28.0,S
30.0,90.0,38.0,C
12.0,35.0,18.0,C
73.0,88.0,12.0,S
60.0,133.0,20.0,S
-24.0,131.0,33.0,S
4.0,45.0,60.0,S
26.0,10.0,26.0,C
-47.0,104.0,14.0,S
-34.0,112.0,29.0,S
24.0,55.0,44.0,S
50.0,36.0,20.0,C
-40.0,126.0,19.0,S
-61.0,126.0,10.0,C
-58.0,64.0,12.0,C
-59.0,68.0,23.0,S
-25.0,41.0,40.0,S
26.0,71.0,27.0,S
26.0,-119.0,16.0,S
4.0,85.0,18.0,S
4.0,-90.0,13.0,C
77.0,-80.0,12.0,C
-6.0,141.0,40.0,S
21.0,-131.0,10.0,S
-14.0,-11.0,24.0,C
14.0,-105.0,34.0,C
48.0,80.0,40.0,S
24.0,-26.0,17.0,S
39.0,78.0,28.0,S
-58.0,25.0,13.0,C
38.0,90.0,34.0,S
-38.0,-27.0,31.0,S
21.0,100.0,25.0,S
-44.0,-114.0,18.0,S
32.0,73.0,26.0,S
40.0,107.0,30.0,S
26.0,92.0,22.0,S
15.0,130.0,25.0,S
-26.0,-37.0,10.0,C
6.0,-82.0,36.0,S
-60.0,30.0,10.0,C
-28.0,154.0,30.0,S
29.0,90.0,37.0,C
-64.0,-163.0,16.0,S
-42.0,152.0,28.0,S
23.0,-88.0,10.0,S
19.0,-87.0,20.0,C
-34.0,48.0,16.0,S
22.0,136.0,17.0,S
-16.0,-131.0,26.0,S
-7.0,-131.0,34.0,S
-34.0,73.0,16.0,S
-4.0,-93.0,30.0,C
-16.0,90.0,11.0,S
-6.0,-95.0,24.0,S
9.0,172.0,11.0,C
-37.0,-75.0,40.0,C
72.0,-83.0,24.0,S
-42.0,-101.0,26.0,S
-56.0,-176.0,24.0,C
-26.0,98.0,16.0,S
-14.0,-26.0,25.0,S
-25.0,90.0,26.0,S
-24.0,-31.0,35.0,S
44.0,-104.0,36.0,S
10.0,90.0,10.0,O
24.0,-168.0,45.0,O
27.0,17.0,30.0,O
-17.0,-73.0,25.0,S
-14.0,-90.0,15.0,S
39.0,35.0,10.0,C
-3.0,-70.0,12.0,S
-5.0,-70.0,10.0,C
63.0,-19.0,17.0,S
-4.0,-66.0,16.0,S
2.0,-80.0,28.0,C
-9.0,-53.0,16.0,C
-5.0,-119.0,16.0,S
7.0,-41.0,10.0,S
44.0,41.0,20.0,S
-45.0,-68.0,29.0,S
-64.0,-44.0,24.0,S
-45.0,90.0,33.0,C
36.0,105.0,19.0,O
23.0,-74.0,28.0,S
50.0,100.0,10.0,C
-16.0,-112.0,33.0,C
26.0,107.0,10.0,O
-43.0,92.0,12.0,S
2.0,-90.0,25.0,S
-43.0,105.0,10.0,S
-39.0,104.0,14.0,S
36.0,-90.0,25.0,C
53.0,-153.0,10.0,C
13.0,165.0,31.0,C
32.0,144.0,16.0,O
45.0,-80.0,18.0,C
-28.0,60.0,16.0,S
-27.0,-169.0,14.0,S
-26.0,-168.0,10.0,C
0.0,177.0,45.0,O
8.0,170.0,45.0,C
32.0,-134.0,20.0,C
47.0,-119.0,18.0,C
-39.0,5.0,12.0,S
-26.0,85.0,27.0,S
-56.0,27.0,30.0,S
-35.0,93.0,24.0,S
-16.0,90.0,22.0,S
-19.0,44.0,30.0,S
-48.0,36.0,22.0,S
33.0,-107.0,37.0,O
26.0,-126.0,26.0,C
-40.0,44.0,16.0,S
-21.0,-110.0,32.0,S
33.0,-102.0,39.0,C
-21.0,48.0,31.0,S
-53.0,34.0,10.0,S
-31.0,49.0,22.0,S
20.0,-161.0,44.0,O
-7.0,-105.0,43.0,O
27.0,-72.0,25.0,O
65.0,-93.0,12.0,S
58.0,-41.0,12.0,S
-31.0,-100.0,21.0,C
-19.0,-70.0,15.0,O
17.0,60.0,34.0,S
-17.0,144.0,36.0,C
22.0,61.0,39.0,S
-27.0,124.0,22.0,C
9.0,-136.0,10.0,C
-34.0,127.0,15.0,S
20.0,61.0,14.0,S
6.0,90.0,33.0,C
21.0,65.0,38.0,C
32.0,87.0,24.0,S
18.0,-90.0,17.0,S
12.0,92.0,27.0,S
-58.0,165.0,14.0,S
43.0,58.0,15.0,S
6.0,-41.0,17.0,C
-9.0,-121.0,30.0,S
-63.0,114.0,25.0,S
-47.0,143.0,12.0,S
-67.0,38.0,13.0,S
-19.0,60.0,31.0,S
34.0,-108.0,45.0,S
-26.0,-10.0,10.0,S
31.0,-33.0,27.0,O
-11.0,-144.0,21.0,C
-37.0,37.0,32.0,C
-67.0,22.0,10.0,C
-1.0,-90.0,10.0,S
-25.0,-110.0,40.0,S
58.0,27.0,17.0,S
-34.0,37.0,22.0,C
0.0,-85.0,11.0,C
-57.0,-99.0,29.0,C
0.0,-73.0,17.0,C
-5.0,-85.0,10.0,C
36.0,70.0,19.0,C
-9.0,-71.0,13.0,S
-7.0,-71.0,19.0,S
-11.0,-78.0,18.0,S
46.0,117.0,12.0,O
-20.0,-107.0,34.0,S
-38.0,114.0,19.0,S
-36.0,58.0,10.0,S
-38.0,116.0,17.0,S
-32.0,44.0,15.0,S
-51.0,-156.0,22.0,C
-24.0,14.0,32.0,S
12.0,10.0,26.0,S
-39.0,90.0,23.0,S
48.0,90.0,10.0,C
13.0,-139.0,22.0,S
-46.0,90.0,29.0,S
-13.0,-131.0,53.0,O
30.0,-119.0,20.0,C
8.0,85.0,16.0,S
-28.0,114.0,26.0,S
20.0,40.0,12.0,C
-36.0,-20.0,13.0,S
3.0,106.0,17.0,C
-43.0,163.0,32.0,S
-41.0,59.0,26.0,S
-42.0,175.0,27.0,S
-35.0,-175.0,25.0,S
-35.0,-180.0,23.0,S
18.0,65.0,10.0,C
53.0,-127.0,25.0,C
37.0,148.0,16.0,S
-3.0,90.0,13.0,S
-18.0,-177.0,30.0,S
-43.0,-171.0,34.0,S
-37.0,53.0,13.0,S
-35.0,-30.0,37.0,S
-38.0,-104.0,18.0,S
-37.0,-107.0,27.0,S
-36.0,-102.0,36.0,C
21.0,-95.0,10.0,C
-31.0,22.0,21.0,S
21.0,-104.0,10.0,C
22.0,-93.0,25.0,C
27.0,-90.0,23.0,C
24.0,-90.0,25.0,C
14.0,-90.0,11.0,C
17.0,-79.0,31.0,O
20.0,-75.0,26.0,C
10.0,-72.0,21.0,C
20.0,-67.0,20.0,O
10.0,-66.0,12.0,C
30.0,-66.0,19.0,O
18.0,-69.0,25.0,C
63.0,-93.0,45.0,O
45.0,-52.0,20.0,C
-43.0,-127.0,45.0,S
33.0,24.0,32.0,C
-37.0,-90.0,12.0,C
21.0,-85.0,16.0,C
-40.0,122.0,47.0,C
-58.0,122.0,26.0,O
-43.0,131.0,18.0,C
-6.0,128.0,17.0,S
-40.0,-53.0,25.0,S
-8.0,138.0,11.0,S
-29.0,39.0,48.0,S
-19.0,-44.0,29.0,O
-19.0,-56.0,46.0,C
-51.0,-124.0,24.0,S
45.0,17.0,14.0,C
25.0,89.0,26.0,C
-67.0,-27.0,45.0,S
45.0,-144.0,35.0,S
23.0,-59.0,10.0,C
21.0,-59.0,10.0,C
-16.0,134.0,50.0,C
-31.0,-87.0,33.0,C
-2.0,-35.0,26.0,C
43.0,27.0,10.0,S
-48.0,114.0,21.0,S
33.0,94.0,35.0,O
-36.0,41.0,37.0,C
-32.0,7.0,24.0,C
-29.0,58.0,16.0,S
-48.0,32.0,16.0,C
54.0,54.0,10.0,S
22.0,-99.0,10.0,C
-34.0,-174.0,10.0,C
-49.0,62.0,18.0,S
-24.0,90.0,22.0,S
-39.0,159.0,10.0,S
28.0,161.0,31.0,C
28.0,17.0,20.0,S
38.0,90.0,24.0,C
38.0,-50.0,28.0,C
-23.0,88.0,34.0,C
20.0,-90.0,20.0,C
-14.0,-134.0,46.0,O
-54.0,136.0,24.0,S
-25.0,-98.0,17.0,C
33.0,146.0,11.0,C
-47.0,124.0,31.0,C
29.0,47.0,11.0,C
-45.0,149.0,31.0,S
47.0,71.0,10.0,S
-52.0,107.0,26.0,S
-41.0,159.0,29.0,C
48.0,76.0,10.0,S
35.0,58.0,13.0,S
-20.0,-119.0,19.0,S
-65.0,-153.0,17.0,S
-41.0,173.0,16.0,S
-58.0,133.0,35.0,C
-41.0,114.0,30.0,C
-31.0,134.0,26.0,S
32.0,22.0,24.0,C
-28.0,133.0,22.0,S
-47.0,104.0,39.0,S
-34.0,-143.0,41.0,C
-45.0,151.0,37.0,S
71.0,103.0,45.0,S
-37.0,149.0,40.0,C
80.0,90.0,12.0,C
-37.0,180.0,33.0,S
26.0,110.0,13.0,C
-45.0,175.0,25.0,C
26.0,133.0,49.0,O
-56.0,-180.0,35.0,S
56.0,105.0,16.0,O
22.0,53.0,22.0,C
37.0,-125.0,10.0,O
42.0,104.0,22.0,C
21.0,-131.0,50.0,O
-32.0,-148.0,23.0,S
6.0,35.0,33.0,S
0.0,34.0,37.0,S
38.0,-112.0,15.0,C
33.0,54.0,33.0,S
-48.0,22.0,11.0,C
41.0,-102.0,17.0,C
2.0,59.0,19.0,S
45.0,-129.0,10.0,C
53.0,-99.0,15.0,C
-40.0,44.0,27.0,S
58.0,-65.0,18.0,C
-54.0,-100.0,23.0,S
-16.0,-126.0,16.0,C
54.0,-66.0,10.0,C
-36.0,48.0,26.0,C
65.0,-75.0,26.0,O
28.0,-11.0,25.0,C
-47.0,70.0,24.0,C
50.0,-61.0,10.0,S
-4.0,1.0,45.0,S
-20.0,-85.0,17.0,C
-31.0,112.0,26.0,S
-15.0,-86.0,25.0,C
-57.0,-138.0,30.0,S
-28.0,-60.0,22.0,S
-50.0,55.0,35.0,S
-24.0,-141.0,27.0,S
-43.0,31.0,40.0,S
55.0,17.0,23.0,C
39.0,-119.0,15.0,S
30.0,-15.0,34.0,O
45.0,144.0,38.0,O
26.0,52.0,18.0,S
-39.0,-109.0,40.0,S
-32.0,144.0,16.0,C
10.0,-95.0,27.0,C
13.0,107.0,22.0,S
-66.0,-6.0,24.0,C
11.0,-93.0,39.0,S
-11.0,-15.0,41.0,C
-37.0,-88.0,17.0,S
-62.0,-178.0,39.0,S
26.0,56.0,36.0,O
25.0,-90.0,32.0,C
37.0,-134.0,22.0,C
4.0,-20.0,45.0,O
1.0,-161.0,45.0,C
-54.0,-168.0,33.0,C
-47.0,-139.0,15.0,C
-38.0,72.0,42.0,S
-16.0,49.0,28.0,C
-33.0,73.0,48.0,C
32.0,-90.0,25.0,S
37.0,-95.0,27.0,S
32.0,-97.0,29.0,S
28.0,-90.0,30.0,S
33.0,-92.0,38.0,S
14.0,24.0,22.0,S
-18.0,144.0,44.0,C
-45.0,-51.0,32.0,S
19.0,-65.0,25.0,S
-39.0,104.0,25.0,S
20.0,-66.0,31.0,C
-43.0,-153.0,33.0,S
-43.0,116.0,15.0,S
27.0,-35.0,36.0,C
18.0,-14.0,21.0,S
31.0,-97.0,19.0,S
43.0,-112.0,47.0,C
20.0,-68.0,41.0,C
-39.0,-20.0,13.0,C
29.0,19.0,41.0,O
27.0,-122.0,19.0,C
9.0,48.0,19.0,S
18.0,56.0,16.0,S
10.0,48.0,58.0,C
43.0,5.0,32.0,S
-44.0,165.0,29.0,S
-53.0,168.0,26.0,S
-63.0,-160.0,21.0,S
3.0,112.0,16.0,C
14.0,17.0,18.0,C
-47.0,-85.0,43.0,S
3.0,27.0,22.0,S
31.0,30.0,28.0,S
-39.0,56.0,17.0,C
-45.0,34.0,30.0,S
-13.0,59.0,16.0,S
22.0,61.0,18.0,S
-28.0,57.0,20.0,S
10.0,70.0,32.0,S
2.0,70.0,31.0,S
-51.0,51.0,29.0,C
2.0,70.0,22.0,S
-2.0,65.0,36.0,C
-5.0,48.0,13.0,O
31.0,-66.0,10.0,S
-2.0,85.0,45.0,C
-48.0,-127.0,35.0,S
-9.0,-26.0,25.0,C
10.0,105.0,21.0,S
-7.0,65.0,35.0,C
-54.0,82.0,31.0,S
-41.0,105.0,42.0,C
-41.0,104.0,17.0,S
-47.0,117.0,15.0,C
39.0,75.0,40.0,C
63.0,180.0,14.0,O
33.0,-76.0,13.0,O
60.0,73.0,10.0,C
-39.0,155.0,20.0,C
17.0,160.0,52.0,O
-4.0,168.0,45.0,O
-47.0,168.0,33.0,O
-43.0,136.0,25.0,O
-17.0,-158.0,34.0,C
26.0,-66.0,15.0,O
-3.0,70.0,30.0,C
-30.0,38.0,46.0,C
-26.0,155.0,18.0,C
-54.0,46.0,35.0,C
31.0,-107.0,48.0,C
-38.0,-3.0,27.0,C
16.0,-160.0,50.0,R
31.0,31.0,39.0,C
-5.0,90.0,23.0,C
63.0,59.0,24.0,S
-18.0,94.0,19.0,S
71.0,156.0,24.0,C
-10.0,131.0,32.0,C
2.0,107.0,19.0,C
18.0,-109.0,20.0,C
-51.0,35.0,31.0,C
20.0,-80.0,28.0,S
-30.0,-85.0,12.0,O
-48.0,85.0,32.0,C
-68.0,36.0,31.0,S
-3.0,-110.0,36.0,C
-26.0,139.0,45.0,S
-31.0,90.0,45.0,C
74.0,90.0,27.0,S
-46.0,-85.0,33.0,S
-30.0,-91.0,49.0,S
-63.0,141.0,38.0,S
-28.0,-49.0,10.0,C
-31.0,20.0,28.0,C
-27.0,151.0,45.0,C
27.0,-40.0,45.0,C
14.0,-49.0,31.0,S
-14.0,107.0,20.0,C
31.0,44.0,30.0,S
8.0,-70.0,37.0,S
6.0,-107.0,32.0,C
8.0,-93.0,19.0,C
28.0,112.0,34.0,C
-43.0,-122.0,20.0,S
-34.0,-35.0,18.0,C
68.0,-136.0,19.0,S
20.0,28.0,31.0,S
-23.0,119.0,20.0,C
25.0,-114.0,14.0,S
-38.0,68.0,13.0,C
25.0,100.0,37.0,C
-13.0,100.0,39.0,S
0.0,117.0,21.0,S
-27.0,-59.0,43.0,S
-62.0,-180.0,12.0,S
-10.0,73.0,37.0,S
-12.0,78.0,45.0,C
-18.0,19.0,40.0,S
23.0,103.0,25.0,S
35.0,119.0,45.0,C
26.0,104.0,41.0,C
-1.0,-45.0,33.0,S
-23.0,87.0,50.0,C
-74.0,-54.0,24.0,O
11.0,172.0,45.0,C
-1.0,-149.0,29.0,C
-11.0,-136.0,12.0,C
-12.0,-121.0,10.0,S
-17.0,-95.0,13.0,S
-40.0,-44.0,19.0,C
32.0,151.0,45.0,C
-20.0,-87.0,18.0,S
36.0,146.0,10.0,S
-31.0,85.0,27.0,S
16.0,87.0,15.0,C
28.0,102.0,12.0,C
-49.0,26.0,19.0,C
-57.0,-87.0,25.0,S
-17.0,-151.0,20.0,C
-10.0,-151.0,15.0,C
-11.0,-151.0,28.0,C
-14.0,-151.0,21.0,C
-14.0,-151.0,19.0,C
-52.0,46.0,31.0,S
-31.0,-127.0,25.0,S
-26.0,-133.0,26.0,S
-31.0,-127.0,24.0,C
-24.0,-127.0,37.0,C
-27.0,-127.0,25.0,C
-26.0,-127.0,28.0,C
-30.0,-127.0,31.0,C
-42.0,15.0,22.0,C
-36.0,31.0,28.0,S
-15.0,-129.0,35.0,C
54.0,39.0,21.0,S
-29.0,-93.0,41.0,S
-19.0,-95.0,34.0,S
69.0,100.0,33.0,S
57.0,-151.0,23.0,C
21.0,-104.0,34.0,S
61.0,-124.0,18.0,S
-17.0,43.0,26.0,C
17.0,-82.0,30.0,S
-28.0,160.0,28.0,C
16.0,76.0,45.0,C
-34.0,50.0,31.0,C
-53.0,110.0,17.0,S
8.0,-80.0,14.0,S
-58.0,-160.0,22.0,S
-54.0,110.0,15.0,S
10.0,-71.0,10.0,S
-16.0,-112.0,27.0,S
-44.0,60.0,42.0,C
42.0,-75.0,20.0,S
-16.0,-57.0,29.0,S
-13.0,-65.0,21.0,S
-16.0,80.0,11.0,S
-13.0,-90.0,10.0,S
30.0,-105.0,35.0,S
9.0,-119.0,36.0,S
2.0,-56.0,23.0,S
-24.0,8.0,18.0,C
-2.0,-53.0,21.0,S
17.0,-65.0,36.0,S
26.0,-14.0,26.0,S
-72.0,28.0,13.0,O
-39.0,107.0,28.0,C
-38.0,115.0,31.0,C
5.0,35.0,19.0,S
15.0,1.0,45.0,S
-42.0,105.0,17.0,S
-34.0,-85.0,27.0,C
-14.0,-44.0,19.0,S
-48.0,139.0,29.0,S
1.0,90.0,12.0,S
24.0,-75.0,25.0,S
-32.0,-110.0,27.0,S
-42.0,-90.0,29.0,S
-46.0,-88.0,34.0,S
71.0,90.0,25.0,C
-8.0,99.0,23.0,C
-13.0,19.0,43.0,O
-20.0,-94.0,31.0,S
-19.0,-112.0,13.0,S
39.0,73.0,30.0,S
-7.0,83.0,31.0,S
13.0,80.0,18.0,S
43.0,104.0,10.0,S
7.0,-92.0,21.0,S
-38.0,5.0,44.0,C
26.0,-90.0,35.0,S
-41.0,20.0,23.0,C
-46.0,36.0,19.0,C
35.0,-93.0,42.0,S
33.0,-99.0,35.0,S
42.0,83.0,22.0,S
38.0,-97.0,26.0,S
33.0,-110.0,39.0,S
41.0,-95.0,25.0,S
15.0,-55.0,42.0,C
-13.0,-56.0,25.0,C
-45.0,-17.0,17.0,C
-43.0,-7.0,32.0,S
-13.0,90.0,27.0,C
-31.0,5.0,32.0,C
45.0,-61.0,35.0,S
-34.0,41.0,21.0,S
16.0,-42.0,28.0,S
30.0,-41.0,34.0,S
-26.0,38.0,10.0,C
-19.0,116.0,14.0,C
43.0,146.0,20.0,S
13.0,-92.0,37.0,C
3.0,-95.0,35.0,C
8.0,-100.0,25.0,C
15.0,-80.0,15.0,C
26.0,-78.0,28.0,C
14.0,131.0,33.0,S
6.0,-91.0,29.0,C
3.0,-104.0,18.0,C
-29.0,-178.0,45.0,C
-47.0,104.0,14.0,C
-1.0,-99.0,10.0,C
22.0,-104.0,28.0,S
39.0,133.0,48.0,S
45.0,-17.0,17.0,S
62.0,151.0,27.0,S
10.0,-44.0,45.0,C
15.0,175.0,51.0,C
-45.0,-44.0,36.0,S
-4.0,-90.0,16.0,S
14.0,50.0,30.0,S
8.0,-90.0,39.0,C
2.0,-34.0,37.0,C
52.0,75.0,31.0,S
-33.0,100.0,39.0,S
-28.0,102.0,42.0,C
50.0,59.0,37.0,S
-48.0,109.0,54.0,S
11.0,14.0,44.0,O
-43.0,99.0,54.0,S
-32.0,87.0,44.0,S
